candidate	weight_mode	l2	roc_auc	ap	lower_half_auc	q1_auc	source_holdout_auc	knownness_spearman	objective	n_features	columns
knownness_robust_base	class_balanced+knownness_balanced	5.0	0.8127847242415431	0.7260230373394457	0.7422759208630979	0.6720608108108108	0.7264593345418386	0.5765338940820449	1.245987462281157	12	T_eff_norm|H_specialization_norm|A_eff_norm|coherence_score|backbone_purity_norm|assignment_confidence_norm|mash_neighbor_distance_train_norm|replicon_architecture_norm|clinical_context_fraction_norm|A_recurrence_norm|pmlst_coherence_norm|ecology_context_diversity_norm
kr_plus_external	class_balanced+knownness_balanced	5.0	0.8133662886498013	0.7236365497292611	0.7457594732045741	0.6669256756756756	0.717209668208839	0.5727843618614802	1.245187075964699	13	T_eff_norm|H_specialization_norm|A_eff_norm|coherence_score|backbone_purity_norm|assignment_confidence_norm|mash_neighbor_distance_train_norm|replicon_architecture_norm|clinical_context_fraction_norm|A_recurrence_norm|pmlst_coherence_norm|ecology_context_diversity_norm|H_external_host_range_norm
eco_external	class_balanced+knownness_balanced	5.0	0.8133662886498013	0.7236365497292611	0.7457594732045741	0.6669256756756756	0.717209668208839	0.5727843618614802	1.245187075964699	13	T_eff_norm|H_specialization_norm|A_eff_norm|coherence_score|backbone_purity_norm|assignment_confidence_norm|mash_neighbor_distance_train_norm|replicon_architecture_norm|clinical_context_fraction_norm|A_recurrence_norm|pmlst_coherence_norm|ecology_context_diversity_norm|H_external_host_range_norm
kr_plus_amr_threat	class_balanced+knownness_balanced	5.0	0.8122978843391754	0.7254506777170597	0.7415630420084076	0.6705743243243243	0.725887913203419	0.5760687589800233	1.2449309933696435	13	T_eff_norm|H_specialization_norm|A_eff_norm|coherence_score|backbone_purity_norm|assignment_confidence_norm|mash_neighbor_distance_train_norm|replicon_architecture_norm|clinical_context_fraction_norm|A_recurrence_norm|pmlst_coherence_norm|ecology_context_diversity_norm|amr_clinical_threat_norm
knownness_robust_base	class_balanced+knownness_balanced	4.0	0.8126745794672517	0.7259208236208556	0.7422612223300115	0.6721959459459459	0.7200564723097891	0.5767793338486152	1.2445899097555684	12	T_eff_norm|H_specialization_norm|A_eff_norm|coherence_score|backbone_purity_norm|assignment_confidence_norm|mash_neighbor_distance_train_norm|replicon_architecture_norm|clinical_context_fraction_norm|A_recurrence_norm|pmlst_coherence_norm|ecology_context_diversity_norm
kr_plus_amr_threat	class_balanced+knownness_balanced	4.0	0.8123353335624345	0.7255053586472597	0.7418937590028515	0.6709121621621622	0.7229051501750507	0.5763819041045763	1.2445010952381832	13	T_eff_norm|H_specialization_norm|A_eff_norm|coherence_score|backbone_purity_norm|assignment_confidence_norm|mash_neighbor_distance_train_norm|replicon_architecture_norm|clinical_context_fraction_norm|A_recurrence_norm|pmlst_coherence_norm|ecology_context_diversity_norm|amr_clinical_threat_norm
kr_plus_pathogenic	class_balanced+knownness_balanced	5.0	0.8112515089834078	0.7245639869239805	0.7423053179292707	0.6718581081081081	0.7253409213525299	0.5743657670164035	1.244459018212348	13	T_eff_norm|H_specialization_norm|A_eff_norm|coherence_score|backbone_purity_norm|assignment_confidence_norm|mash_neighbor_distance_train_norm|replicon_architecture_norm|clinical_context_fraction_norm|A_recurrence_norm|pmlst_coherence_norm|ecology_context_diversity_norm|pathogenic_context_fraction_norm
eco_external	class_balanced+knownness_balanced	4.0	0.8133398539039713	0.7238324494759945	0.745568392274451	0.6661148648648648	0.7141008877866257	0.5730759554157863	1.2442844074667105	13	T_eff_norm|H_specialization_norm|A_eff_norm|coherence_score|backbone_purity_norm|assignment_confidence_norm|mash_neighbor_distance_train_norm|replicon_architecture_norm|clinical_context_fraction_norm|A_recurrence_norm|pmlst_coherence_norm|ecology_context_diversity_norm|H_external_host_range_norm
kr_plus_external	class_balanced+knownness_balanced	4.0	0.8133398539039713	0.7238324494759945	0.745568392274451	0.6661148648648648	0.7141008877866257	0.5730759554157863	1.2442844074667105	13	T_eff_norm|H_specialization_norm|A_eff_norm|coherence_score|backbone_purity_norm|assignment_confidence_norm|mash_neighbor_distance_train_norm|replicon_architecture_norm|clinical_context_fraction_norm|A_recurrence_norm|pmlst_coherence_norm|ecology_context_diversity_norm|H_external_host_range_norm
knownness_robust_base	class_balanced+knownness_balanced	3.0	0.8126635649898226	0.7260552235616926	0.7424743510597642	0.6728040540540541	0.7173447348675375	0.5771729483343748	1.2441748742919452	12	T_eff_norm|H_specialization_norm|A_eff_norm|coherence_score|backbone_purity_norm|assignment_confidence_norm|mash_neighbor_distance_train_norm|replicon_architecture_norm|clinical_context_fraction_norm|A_recurrence_norm|pmlst_coherence_norm|ecology_context_diversity_norm
clinical_pathogenic	class_balanced+knownness_balanced	5.0	0.8112537118788936	0.7245564494105239	0.7423126671958139	0.6718581081081081	0.7230422420762388	0.5743612132735247	1.2440042364816841	13	T_eff_norm|H_specialization_norm|A_eff_norm|coherence_score|backbone_purity_norm|assignment_confidence_norm|mash_neighbor_distance_train_norm|replicon_architecture_norm|clinical_context_fraction_norm|pathogenic_context_fraction_norm|A_recurrence_norm|pmlst_coherence_norm|ecology_context_diversity_norm
kr_plus_pathogenic	class_balanced+knownness_balanced	4.0	0.8110906976129425	0.7245881658503992	0.7422244759972955	0.6719932432432433	0.7214683921068664	0.5747278312166985	1.2434830277361493	13	T_eff_norm|H_specialization_norm|A_eff_norm|coherence_score|backbone_purity_norm|assignment_confidence_norm|mash_neighbor_distance_train_norm|replicon_architecture_norm|clinical_context_fraction_norm|A_recurrence_norm|pmlst_coherence_norm|ecology_context_diversity_norm|pathogenic_context_fraction_norm
clinical_pathogenic	class_balanced+knownness_balanced	4.0	0.8110906976129425	0.7245881658503992	0.7422244759972955	0.6719932432432433	0.7203136739558795	0.5747255276110648	1.2432523605386279	13	T_eff_norm|H_specialization_norm|A_eff_norm|coherence_score|backbone_purity_norm|assignment_confidence_norm|mash_neighbor_distance_train_norm|replicon_architecture_norm|clinical_context_fraction_norm|pathogenic_context_fraction_norm|A_recurrence_norm|pmlst_coherence_norm|ecology_context_diversity_norm
phylo_dual	class_balanced+knownness_balanced	5.0	0.8110906976129425	0.7247821583646612	0.7416071376076667	0.6706418918918919	0.7217523203136802	0.57623510019743	1.2429034693126653	13	T_eff_norm|H_specialization_norm|H_phylogenetic_specialization_norm|A_eff_norm|coherence_score|backbone_purity_norm|assignment_confidence_norm|mash_neighbor_distance_train_norm|replicon_architecture_norm|clinical_context_fraction_norm|A_recurrence_norm|pmlst_coherence_norm|ecology_context_diversity_norm
kr_plus_external_evenness	class_balanced+knownness_balanced	5.0	0.8124895362464424	0.72335368040743	0.7452744216127231	0.665304054054054	0.7111703992549764	0.5713344618875842	1.2428066179655552	14	T_eff_norm|H_specialization_norm|A_eff_norm|coherence_score|backbone_purity_norm|assignment_confidence_norm|mash_neighbor_distance_train_norm|replicon_architecture_norm|clinical_context_fraction_norm|A_recurrence_norm|pmlst_coherence_norm|ecology_context_diversity_norm|H_external_host_range_norm|host_taxon_evenness_norm
eco_external_evenness	class_balanced+knownness_balanced	5.0	0.8124895362464424	0.72335368040743	0.7452744216127231	0.665304054054054	0.7111703992549764	0.5713344618875842	1.2428066179655552	14	T_eff_norm|H_specialization_norm|A_eff_norm|coherence_score|backbone_purity_norm|assignment_confidence_norm|mash_neighbor_distance_train_norm|replicon_architecture_norm|clinical_context_fraction_norm|A_recurrence_norm|pmlst_coherence_norm|ecology_context_diversity_norm|H_external_host_range_norm|host_taxon_evenness_norm
kr_plus_external	class_balanced+knownness_balanced	3.0	0.8132363178161375	0.7238001141118116	0.7453405650116118	0.6659797297297297	0.7072232057928576	0.5733691688969402	1.2426747741565056	13	T_eff_norm|H_specialization_norm|A_eff_norm|coherence_score|backbone_purity_norm|assignment_confidence_norm|mash_neighbor_distance_train_norm|replicon_architecture_norm|clinical_context_fraction_norm|A_recurrence_norm|pmlst_coherence_norm|ecology_context_diversity_norm|H_external_host_range_norm
eco_external	class_balanced+knownness_balanced	3.0	0.8132363178161375	0.7238001141118116	0.7453405650116118	0.6659797297297297	0.7072232057928576	0.5733691688969402	1.2426747741565056	13	T_eff_norm|H_specialization_norm|A_eff_norm|coherence_score|backbone_purity_norm|assignment_confidence_norm|mash_neighbor_distance_train_norm|replicon_architecture_norm|clinical_context_fraction_norm|A_recurrence_norm|pmlst_coherence_norm|ecology_context_diversity_norm|H_external_host_range_norm
clinical_pathogenic	class_balanced+knownness_balanced	3.0	0.8110135962709385	0.724729592721595	0.7423788105947027	0.6722635135135135	0.7173541472650096	0.5750352962399133	1.2426465360562642	13	T_eff_norm|H_specialization_norm|A_eff_norm|coherence_score|backbone_purity_norm|assignment_confidence_norm|mash_neighbor_distance_train_norm|replicon_architecture_norm|clinical_context_fraction_norm|pathogenic_context_fraction_norm|A_recurrence_norm|pmlst_coherence_norm|ecology_context_diversity_norm
kr_plus_pathogenic	class_balanced+knownness_balanced	3.0	0.8110157991664243	0.724730775237978	0.7423861598612459	0.6722635135135135	0.717190102623353	0.5750239136767646	1.2426195007109597	13	T_eff_norm|H_specialization_norm|A_eff_norm|coherence_score|backbone_purity_norm|assignment_confidence_norm|mash_neighbor_distance_train_norm|replicon_architecture_norm|clinical_context_fraction_norm|A_recurrence_norm|pmlst_coherence_norm|ecology_context_diversity_norm|pathogenic_context_fraction_norm
kr_plus_amr_threat	class_balanced+knownness_balanced	3.0	0.8121392758641959	0.7251308623244764	0.7418570126701355	0.6708445945945946	0.7145412763509779	0.5765909804611901	1.2425826361990082	13	T_eff_norm|H_specialization_norm|A_eff_norm|coherence_score|backbone_purity_norm|assignment_confidence_norm|mash_neighbor_distance_train_norm|replicon_architecture_norm|clinical_context_fraction_norm|A_recurrence_norm|pmlst_coherence_norm|ecology_context_diversity_norm|amr_clinical_threat_norm
kr_plus_evenness	class_balanced+knownness_balanced	4.0	0.811896957360755	0.7255848989507232	0.7417100273392715	0.6707094594594595	0.7121743530429269	0.5757716777504721	1.241894126732957	13	T_eff_norm|H_specialization_norm|A_eff_norm|coherence_score|backbone_purity_norm|assignment_confidence_norm|mash_neighbor_distance_train_norm|replicon_architecture_norm|clinical_context_fraction_norm|A_recurrence_norm|pmlst_coherence_norm|ecology_context_diversity_norm|host_taxon_evenness_norm
kr_plus_external_evenness	class_balanced+knownness_balanced	4.0	0.8122890727572321	0.7233407238995312	0.7449584031513655	0.6648986486486487	0.7065105528413986	0.5713464116431105	1.2414968646034779	14	T_eff_norm|H_specialization_norm|A_eff_norm|coherence_score|backbone_purity_norm|assignment_confidence_norm|mash_neighbor_distance_train_norm|replicon_architecture_norm|clinical_context_fraction_norm|A_recurrence_norm|pmlst_coherence_norm|ecology_context_diversity_norm|H_external_host_range_norm|host_taxon_evenness_norm
eco_external_evenness	class_balanced+knownness_balanced	4.0	0.8122890727572321	0.7233407238995312	0.7449584031513655	0.6648986486486487	0.7065105528413986	0.5713464116431105	1.2414968646034779	14	T_eff_norm|H_specialization_norm|A_eff_norm|coherence_score|backbone_purity_norm|assignment_confidence_norm|mash_neighbor_distance_train_norm|replicon_architecture_norm|clinical_context_fraction_norm|A_recurrence_norm|pmlst_coherence_norm|ecology_context_diversity_norm|H_external_host_range_norm|host_taxon_evenness_norm
kr_plus_evenness	class_balanced+knownness_balanced	5.0	0.8119277978975565	0.7252037287509472	0.7417688214716172	0.6706418918918919	0.7097082302036697	0.5757055224637686	1.2414438060625017	13	T_eff_norm|H_specialization_norm|A_eff_norm|coherence_score|backbone_purity_norm|assignment_confidence_norm|mash_neighbor_distance_train_norm|replicon_architecture_norm|clinical_context_fraction_norm|A_recurrence_norm|pmlst_coherence_norm|ecology_context_diversity_norm|host_taxon_evenness_norm
phylo_dual	class_balanced+knownness_balanced	4.0	0.8110862918219708	0.7250368589841809	0.7416512332069259	0.6706418918918919	0.7145594516572957	0.5765480275092121	1.2414361671927807	13	T_eff_norm|H_specialization_norm|H_phylogenetic_specialization_norm|A_eff_norm|coherence_score|backbone_purity_norm|assignment_confidence_norm|mash_neighbor_distance_train_norm|replicon_architecture_norm|clinical_context_fraction_norm|A_recurrence_norm|pmlst_coherence_norm|ecology_context_diversity_norm
phylo_dual	class_balanced+knownness_balanced	3.0	0.8109651325702504	0.7252178223624612	0.7416144868742099	0.6706418918918919	0.7133253547909435	0.5764638881193188	1.2410672613947622	13	T_eff_norm|H_specialization_norm|H_phylogenetic_specialization_norm|A_eff_norm|coherence_score|backbone_purity_norm|assignment_confidence_norm|mash_neighbor_distance_train_norm|replicon_architecture_norm|clinical_context_fraction_norm|A_recurrence_norm|pmlst_coherence_norm|ecology_context_diversity_norm
kr_plus_evenness	class_balanced+knownness_balanced	3.0	0.8118220589142369	0.7256497217456862	0.7416071376076667	0.6701013513513514	0.7084958735684275	0.5761313056600406	1.2408878885012877	13	T_eff_norm|H_specialization_norm|A_eff_norm|coherence_score|backbone_purity_norm|assignment_confidence_norm|mash_neighbor_distance_train_norm|replicon_architecture_norm|clinical_context_fraction_norm|A_recurrence_norm|pmlst_coherence_norm|ecology_context_diversity_norm|host_taxon_evenness_norm
eco_external_evenness	class_balanced+knownness_balanced	3.0	0.8120379426718479	0.7232759709200635	0.744679131022724	0.6640878378378379	0.7022611956898857	0.5714657718385471	1.2401355960635843	14	T_eff_norm|H_specialization_norm|A_eff_norm|coherence_score|backbone_purity_norm|assignment_confidence_norm|mash_neighbor_distance_train_norm|replicon_architecture_norm|clinical_context_fraction_norm|A_recurrence_norm|pmlst_coherence_norm|ecology_context_diversity_norm|H_external_host_range_norm|host_taxon_evenness_norm
kr_plus_external_evenness	class_balanced+knownness_balanced	3.0	0.8120379426718479	0.7232759709200635	0.744679131022724	0.6640878378378379	0.7022611956898857	0.5714657718385471	1.2401355960635843	14	T_eff_norm|H_specialization_norm|A_eff_norm|coherence_score|backbone_purity_norm|assignment_confidence_norm|mash_neighbor_distance_train_norm|replicon_architecture_norm|clinical_context_fraction_norm|A_recurrence_norm|pmlst_coherence_norm|ecology_context_diversity_norm|H_external_host_range_norm|host_taxon_evenness_norm
phylo_swap	class_balanced+knownness_balanced	5.0	0.8079229339043238	0.7276132664029205	0.7372416732810065	0.6652364864864865	0.7038660779353151	0.5523580016051316	1.2366329885803702	12	T_eff_norm|H_phylogenetic_specialization_norm|A_eff_norm|coherence_score|backbone_purity_norm|assignment_confidence_norm|mash_neighbor_distance_train_norm|replicon_architecture_norm|clinical_context_fraction_norm|A_recurrence_norm|pmlst_coherence_norm|ecology_context_diversity_norm
phylo_swap	class_balanced+knownness_balanced	4.0	0.8076982385647695	0.7276764670569534	0.7370505923508833	0.6651013513513514	0.7040204528741013	0.5524008880870952	1.2363496705446735	12	T_eff_norm|H_phylogenetic_specialization_norm|A_eff_norm|coherence_score|backbone_purity_norm|assignment_confidence_norm|mash_neighbor_distance_train_norm|replicon_architecture_norm|clinical_context_fraction_norm|A_recurrence_norm|pmlst_coherence_norm|ecology_context_diversity_norm
phylo_swap	class_balanced+knownness_balanced	3.0	0.807310528959264	0.7273441258311042	0.7367125260898962	0.6645608108108109	0.6981943904933126	0.5525300922678611	1.2345717159749143	12	T_eff_norm|H_phylogenetic_specialization_norm|A_eff_norm|coherence_score|backbone_purity_norm|assignment_confidence_norm|mash_neighbor_distance_train_norm|replicon_architecture_norm|clinical_context_fraction_norm|A_recurrence_norm|pmlst_coherence_norm|ecology_context_diversity_norm
phylo_aug_swap	class_balanced+knownness_balanced	5.0	0.7958819071787958	0.7043370237545055	0.7289076050210189	0.6632770270270271	0.7156911139995716	0.47212408810318657	1.2336929263180387	12	T_eff_norm|H_phylogenetic_augmented_specialization_norm|A_eff_norm|coherence_score|backbone_purity_norm|assignment_confidence_norm|mash_neighbor_distance_train_norm|replicon_architecture_norm|clinical_context_fraction_norm|A_recurrence_norm|pmlst_coherence_norm|ecology_context_diversity_norm
phylo_aug_swap	class_balanced+knownness_balanced	4.0	0.7958863129697674	0.7043977024632793	0.7286871270247229	0.6626689189189189	0.707572174164214	0.4722731125868302	1.231867896183391	12	T_eff_norm|H_phylogenetic_augmented_specialization_norm|A_eff_norm|coherence_score|backbone_purity_norm|assignment_confidence_norm|mash_neighbor_distance_train_norm|replicon_architecture_norm|clinical_context_fraction_norm|A_recurrence_norm|pmlst_coherence_norm|ecology_context_diversity_norm
knownness_robust_base	source_balanced+class_balanced	4.0	0.8042088521152202	0.714830864012901	0.7318620101713849	0.6361824324324324	0.7231465482895831	0.5333167504589573	1.231635241255964	12	T_eff_norm|H_specialization_norm|A_eff_norm|coherence_score|backbone_purity_norm|assignment_confidence_norm|mash_neighbor_distance_train_norm|replicon_architecture_norm|clinical_context_fraction_norm|A_recurrence_norm|pmlst_coherence_norm|ecology_context_diversity_norm
knownness_robust_base	source_balanced+class_balanced	5.0	0.8043101853075683	0.7149472180294111	0.7317444219066938	0.6367905405405405	0.7215216792248301	0.5335452689613446	1.2314705235572891	12	T_eff_norm|H_specialization_norm|A_eff_norm|coherence_score|backbone_purity_norm|assignment_confidence_norm|mash_neighbor_distance_train_norm|replicon_architecture_norm|clinical_context_fraction_norm|A_recurrence_norm|pmlst_coherence_norm|ecology_context_diversity_norm
phylo_aug_swap	class_balanced+knownness_balanced	3.0	0.7959413853569132	0.704514673629859	0.7287826674897845	0.6628040540540541	0.704365613540572	0.4726627612661127	1.23129058777084	12	T_eff_norm|H_phylogenetic_augmented_specialization_norm|A_eff_norm|coherence_score|backbone_purity_norm|assignment_confidence_norm|mash_neighbor_distance_train_norm|replicon_architecture_norm|clinical_context_fraction_norm|A_recurrence_norm|pmlst_coherence_norm|ecology_context_diversity_norm
kr_plus_pathogenic	source_balanced+class_balanced	5.0	0.8029135495695542	0.711555236130709	0.7314798483111385	0.6361824324324324	0.7249898675624215	0.53201851495601	1.2307497422671454	13	T_eff_norm|H_specialization_norm|A_eff_norm|coherence_score|backbone_purity_norm|assignment_confidence_norm|mash_neighbor_distance_train_norm|replicon_architecture_norm|clinical_context_fraction_norm|A_recurrence_norm|pmlst_coherence_norm|ecology_context_diversity_norm|pathogenic_context_fraction_norm
clinical_pathogenic	source_balanced+class_balanced	5.0	0.8029113466740684	0.71155421141224	0.7314724990445953	0.6361824324324324	0.7249898675624215	0.5320139741497888	1.2307458794884432	13	T_eff_norm|H_specialization_norm|A_eff_norm|coherence_score|backbone_purity_norm|assignment_confidence_norm|mash_neighbor_distance_train_norm|replicon_architecture_norm|clinical_context_fraction_norm|pathogenic_context_fraction_norm|A_recurrence_norm|pmlst_coherence_norm|ecology_context_diversity_norm
kr_plus_amr_threat	source_balanced+class_balanced	5.0	0.8032043317736833	0.71425317104033	0.7310094952523738	0.6346283783783784	0.7234144322597889	0.5310910391640172	1.2303848177773469	13	T_eff_norm|H_specialization_norm|A_eff_norm|coherence_score|backbone_purity_norm|assignment_confidence_norm|mash_neighbor_distance_train_norm|replicon_architecture_norm|clinical_context_fraction_norm|A_recurrence_norm|pmlst_coherence_norm|ecology_context_diversity_norm|amr_clinical_threat_norm
kr_plus_amr_threat	source_balanced+class_balanced	4.0	0.8030457232987038	0.7140360794894798	0.731053590851633	0.6345608108108108	0.7233146724668283	0.5309112708779916	1.2302275447043627	13	T_eff_norm|H_specialization_norm|A_eff_norm|coherence_score|backbone_purity_norm|assignment_confidence_norm|mash_neighbor_distance_train_norm|replicon_architecture_norm|clinical_context_fraction_norm|A_recurrence_norm|pmlst_coherence_norm|ecology_context_diversity_norm|amr_clinical_threat_norm
knownness_robust_base	source_balanced+class_balanced	3.0	0.8040766783860707	0.7148252552801843	0.7317591204397801	0.6359797297297297	0.7164451785948469	0.5330893871321852	1.2301186697270579	12	T_eff_norm|H_specialization_norm|A_eff_norm|coherence_score|backbone_purity_norm|assignment_confidence_norm|mash_neighbor_distance_train_norm|replicon_architecture_norm|clinical_context_fraction_norm|A_recurrence_norm|pmlst_coherence_norm|ecology_context_diversity_norm
phylo_dual	source_balanced+class_balanced	5.0	0.8017041599478354	0.7039076978737848	0.7326924772907664	0.6391554054054054	0.7181496691550588	0.5290199893213984	1.2294905193285903	13	T_eff_norm|H_specialization_norm|H_phylogenetic_specialization_norm|A_eff_norm|coherence_score|backbone_purity_norm|assignment_confidence_norm|mash_neighbor_distance_train_norm|replicon_architecture_norm|clinical_context_fraction_norm|A_recurrence_norm|pmlst_coherence_norm|ecology_context_diversity_norm
clinical_pathogenic	source_balanced+class_balanced	4.0	0.8027108831848582	0.7114461478588546	0.731274068847929	0.6352364864864865	0.7208031186244288	0.5318645172653641	1.2294772827895764	13	T_eff_norm|H_specialization_norm|A_eff_norm|coherence_score|backbone_purity_norm|assignment_confidence_norm|mash_neighbor_distance_train_norm|replicon_architecture_norm|clinical_context_fraction_norm|pathogenic_context_fraction_norm|A_recurrence_norm|pmlst_coherence_norm|ecology_context_diversity_norm
phylo_dual	source_balanced+class_balanced	4.0	0.8015411456818843	0.7026839686074103	0.7328688596878031	0.6394256756756757	0.7180088151999429	0.5290070674318321	1.2294078536715292	13	T_eff_norm|H_specialization_norm|H_phylogenetic_specialization_norm|A_eff_norm|coherence_score|backbone_purity_norm|assignment_confidence_norm|mash_neighbor_distance_train_norm|replicon_architecture_norm|clinical_context_fraction_norm|A_recurrence_norm|pmlst_coherence_norm|ecology_context_diversity_norm
kr_plus_pathogenic	source_balanced+class_balanced	3.0	0.802561086291822	0.711332321333425	0.7313181644471882	0.6351013513513514	0.7204358379938811	0.5316990562867637	1.2292600867406134	13	T_eff_norm|H_specialization_norm|A_eff_norm|coherence_score|backbone_purity_norm|assignment_confidence_norm|mash_neighbor_distance_train_norm|replicon_architecture_norm|clinical_context_fraction_norm|A_recurrence_norm|pmlst_coherence_norm|ecology_context_diversity_norm|pathogenic_context_fraction_norm
kr_plus_evenness	source_balanced+class_balanced	5.0	0.8013406821926741	0.6919995480592994	0.7365802392921187	0.6429391891891892	0.7144427408337027	0.5390082614713838	1.229110148608322	13	T_eff_norm|H_specialization_norm|A_eff_norm|coherence_score|backbone_purity_norm|assignment_confidence_norm|mash_neighbor_distance_train_norm|replicon_architecture_norm|clinical_context_fraction_norm|A_recurrence_norm|pmlst_coherence_norm|ecology_context_diversity_norm|host_taxon_evenness_norm
kr_plus_pathogenic	source_balanced+class_balanced	4.0	0.8027108831848582	0.7114461478588546	0.731274068847929	0.6352364864864865	0.7185447781944465	0.5318622155207403	1.2290258909129348	13	T_eff_norm|H_specialization_norm|A_eff_norm|coherence_score|backbone_purity_norm|assignment_confidence_norm|mash_neighbor_distance_train_norm|replicon_architecture_norm|clinical_context_fraction_norm|A_recurrence_norm|pmlst_coherence_norm|ecology_context_diversity_norm|pathogenic_context_fraction_norm
phylo_dual	source_balanced+class_balanced	3.0	0.8012745953280993	0.7013264508036393	0.732641032424964	0.6393581081081081	0.7147503432122007	0.5285371818593946	1.2284641334965227	13	T_eff_norm|H_specialization_norm|H_phylogenetic_specialization_norm|A_eff_norm|coherence_score|backbone_purity_norm|assignment_confidence_norm|mash_neighbor_distance_train_norm|replicon_architecture_norm|clinical_context_fraction_norm|A_recurrence_norm|pmlst_coherence_norm|ecology_context_diversity_norm
clinical_pathogenic	source_balanced+class_balanced	3.0	0.802561086291822	0.711332321333425	0.7313181644471882	0.6351013513513514	0.7161074050833587	0.5316990513400089	1.2283944007521195	13	T_eff_norm|H_specialization_norm|A_eff_norm|coherence_score|backbone_purity_norm|assignment_confidence_norm|mash_neighbor_distance_train_norm|replicon_architecture_norm|clinical_context_fraction_norm|pathogenic_context_fraction_norm|A_recurrence_norm|pmlst_coherence_norm|ecology_context_diversity_norm
kr_plus_amr_threat	source_balanced+class_balanced	3.0	0.8027571439900605	0.7137560750097107	0.7305905870594115	0.6339527027027027	0.7165091770875354	0.5309341280501785	1.22831460069991	13	T_eff_norm|H_specialization_norm|A_eff_norm|coherence_score|backbone_purity_norm|assignment_confidence_norm|mash_neighbor_distance_train_norm|replicon_architecture_norm|clinical_context_fraction_norm|A_recurrence_norm|pmlst_coherence_norm|ecology_context_diversity_norm|amr_clinical_threat_norm
kr_plus_amr_threat	source_balanced+class_balanced+knownness_balanced	3.0	0.8039048525381762	0.7116974997521719	0.7284960460945997	0.6393581081081081	0.7138171110579901	0.5427717706205294	1.2279560977253123	13	T_eff_norm|H_specialization_norm|A_eff_norm|coherence_score|backbone_purity_norm|assignment_confidence_norm|mash_neighbor_distance_train_norm|replicon_architecture_norm|clinical_context_fraction_norm|A_recurrence_norm|pmlst_coherence_norm|ecology_context_diversity_norm|amr_clinical_threat_norm
kr_plus_evenness	source_balanced+class_balanced	4.0	0.8011159868531197	0.6922233313614887	0.736447952494341	0.6425337837837838	0.7095301043165886	0.5384333588497875	1.2278511471595221	13	T_eff_norm|H_specialization_norm|A_eff_norm|coherence_score|backbone_purity_norm|assignment_confidence_norm|mash_neighbor_distance_train_norm|replicon_architecture_norm|clinical_context_fraction_norm|A_recurrence_norm|pmlst_coherence_norm|ecology_context_diversity_norm|host_taxon_evenness_norm
kr_plus_amr_threat	source_balanced+class_balanced+knownness_balanced	4.0	0.8032439838924282	0.7104832737154363	0.7268498103889232	0.6398310810810811	0.7170208164217285	0.5433322065804728	1.2274694417200105	13	T_eff_norm|H_specialization_norm|A_eff_norm|coherence_score|backbone_purity_norm|assignment_confidence_norm|mash_neighbor_distance_train_norm|replicon_architecture_norm|clinical_context_fraction_norm|A_recurrence_norm|pmlst_coherence_norm|ecology_context_diversity_norm|amr_clinical_threat_norm
kr_plus_amr_threat	source_balanced+class_balanced+knownness_balanced	5.0	0.8027505353036031	0.7097457451567292	0.7260854866684305	0.6395608108108108	0.7207273670851615	0.543315234333094	1.2274359887633555	13	T_eff_norm|H_specialization_norm|A_eff_norm|coherence_score|backbone_purity_norm|assignment_confidence_norm|mash_neighbor_distance_train_norm|replicon_architecture_norm|clinical_context_fraction_norm|A_recurrence_norm|pmlst_coherence_norm|ecology_context_diversity_norm|amr_clinical_threat_norm
kr_plus_external	source_balanced+class_balanced	5.0	0.8025919268286236	0.7134110691149984	0.7282167739659582	0.6309797297297297	0.7193232722772525	0.5326801639032599	1.2271959397514163	13	T_eff_norm|H_specialization_norm|A_eff_norm|coherence_score|backbone_purity_norm|assignment_confidence_norm|mash_neighbor_distance_train_norm|replicon_architecture_norm|clinical_context_fraction_norm|A_recurrence_norm|pmlst_coherence_norm|ecology_context_diversity_norm|H_external_host_range_norm
eco_external	source_balanced+class_balanced	5.0	0.8025919268286236	0.7134110691149984	0.7282167739659582	0.6309797297297297	0.7193232722772525	0.5326801639032599	1.2271959397514163	13	T_eff_norm|H_specialization_norm|A_eff_norm|coherence_score|backbone_purity_norm|assignment_confidence_norm|mash_neighbor_distance_train_norm|replicon_architecture_norm|clinical_context_fraction_norm|A_recurrence_norm|pmlst_coherence_norm|ecology_context_diversity_norm|H_external_host_range_norm
knownness_robust_base	source_balanced+class_balanced+knownness_balanced	3.0	0.8056187052261492	0.7145866436033378	0.7257621189405298	0.6353716216216216	0.7151872415533278	0.5523768610822011	1.227173890213434	12	T_eff_norm|H_specialization_norm|A_eff_norm|coherence_score|backbone_purity_norm|assignment_confidence_norm|mash_neighbor_distance_train_norm|replicon_architecture_norm|clinical_context_fraction_norm|A_recurrence_norm|pmlst_coherence_norm|ecology_context_diversity_norm
kr_plus_evenness	source_balanced+class_balanced	3.0	0.8008207988580189	0.6922174905657983	0.7362127759649587	0.6418581081081081	0.7082793884265692	0.5381911056991938	1.2271291982705388	13	T_eff_norm|H_specialization_norm|A_eff_norm|coherence_score|backbone_purity_norm|assignment_confidence_norm|mash_neighbor_distance_train_norm|replicon_architecture_norm|clinical_context_fraction_norm|A_recurrence_norm|pmlst_coherence_norm|ecology_context_diversity_norm|host_taxon_evenness_norm
clinical_pathogenic	source_balanced+class_balanced+knownness_balanced	4.0	0.8051737203380123	0.7114759143405426	0.724218772966458	0.6357094594594594	0.7185132624332459	0.5548341277569799	1.226703801275653	13	T_eff_norm|H_specialization_norm|A_eff_norm|coherence_score|backbone_purity_norm|assignment_confidence_norm|mash_neighbor_distance_train_norm|replicon_architecture_norm|clinical_context_fraction_norm|pathogenic_context_fraction_norm|A_recurrence_norm|pmlst_coherence_norm|ecology_context_diversity_norm
knownness_robust_base	source_balanced+class_balanced+knownness_balanced	4.0	0.8052309956206438	0.7143813448227748	0.7244098538965811	0.6360472972972973	0.7161867236224616	0.5544511559132539	1.2264666172639793	12	T_eff_norm|H_specialization_norm|A_eff_norm|coherence_score|backbone_purity_norm|assignment_confidence_norm|mash_neighbor_distance_train_norm|replicon_architecture_norm|clinical_context_fraction_norm|A_recurrence_norm|pmlst_coherence_norm|ecology_context_diversity_norm
clinical_pathogenic	source_balanced+class_balanced+knownness_balanced	3.0	0.8054380677963114	0.7114661269267056	0.7254828468118881	0.6351689189189189	0.7130314705252516	0.5527653882946866	1.2263911531333496	13	T_eff_norm|H_specialization_norm|A_eff_norm|coherence_score|backbone_purity_norm|assignment_confidence_norm|mash_neighbor_distance_train_norm|replicon_architecture_norm|clinical_context_fraction_norm|pathogenic_context_fraction_norm|A_recurrence_norm|pmlst_coherence_norm|ecology_context_diversity_norm
knownness_robust_base	source_balanced+class_balanced+knownness_balanced	5.0	0.8047551701957052	0.7141760676308935	0.7230575888526325	0.6361824324324324	0.7205621438187774	0.5556015783572192	1.2263491726988707	12	T_eff_norm|H_specialization_norm|A_eff_norm|coherence_score|backbone_purity_norm|assignment_confidence_norm|mash_neighbor_distance_train_norm|replicon_architecture_norm|clinical_context_fraction_norm|A_recurrence_norm|pmlst_coherence_norm|ecology_context_diversity_norm
kr_plus_pathogenic	source_balanced+class_balanced+knownness_balanced	4.0	0.8051737203380123	0.7114759143405426	0.724218772966458	0.6357094594594594	0.7162616451443151	0.5548364115716741	1.2262532037601035	13	T_eff_norm|H_specialization_norm|A_eff_norm|coherence_score|backbone_purity_norm|assignment_confidence_norm|mash_neighbor_distance_train_norm|replicon_architecture_norm|clinical_context_fraction_norm|A_recurrence_norm|pmlst_coherence_norm|ecology_context_diversity_norm|pathogenic_context_fraction_norm
kr_plus_pathogenic	source_balanced+class_balanced+knownness_balanced	5.0	0.8047551701957052	0.7113208782997383	0.7230869859188053	0.6360472972972973	0.720345658676919	0.5561247846608426	1.226224883006889	13	T_eff_norm|H_specialization_norm|A_eff_norm|coherence_score|backbone_purity_norm|assignment_confidence_norm|mash_neighbor_distance_train_norm|replicon_architecture_norm|clinical_context_fraction_norm|A_recurrence_norm|pmlst_coherence_norm|ecology_context_diversity_norm|pathogenic_context_fraction_norm
clinical_pathogenic	source_balanced+class_balanced+knownness_balanced	5.0	0.8047551701957052	0.7113208782997383	0.7230869859188053	0.6360472972972973	0.7203416247922882	0.5561270615888655	1.2262238029986	13	T_eff_norm|H_specialization_norm|A_eff_norm|coherence_score|backbone_purity_norm|assignment_confidence_norm|mash_neighbor_distance_train_norm|replicon_architecture_norm|clinical_context_fraction_norm|pathogenic_context_fraction_norm|A_recurrence_norm|pmlst_coherence_norm|ecology_context_diversity_norm
kr_plus_evenness	source_balanced+class_balanced+knownness_balanced	4.0	0.8044555764096328	0.6938898648419096	0.728099185701267	0.637331081081081	0.7166964124157325	0.5638218835186992	1.2260322047971317	13	T_eff_norm|H_specialization_norm|A_eff_norm|coherence_score|backbone_purity_norm|assignment_confidence_norm|mash_neighbor_distance_train_norm|replicon_architecture_norm|clinical_context_fraction_norm|A_recurrence_norm|pmlst_coherence_norm|ecology_context_diversity_norm|host_taxon_evenness_norm
kr_plus_evenness	source_balanced+class_balanced+knownness_balanced	5.0	0.8044864169464344	0.6943795473143279	0.7273054649146016	0.6369932432432432	0.7177379556173089	0.5653064878497204	1.225787517650959	13	T_eff_norm|H_specialization_norm|A_eff_norm|coherence_score|backbone_purity_norm|assignment_confidence_norm|mash_neighbor_distance_train_norm|replicon_architecture_norm|clinical_context_fraction_norm|A_recurrence_norm|pmlst_coherence_norm|ecology_context_diversity_norm|host_taxon_evenness_norm
kr_plus_evenness	source_balanced+class_balanced+knownness_balanced	3.0	0.8045745327658674	0.6942903058668465	0.7289957962195373	0.6375337837837838	0.711827770971635	0.5619282708527463	1.2257141900804827	13	T_eff_norm|H_specialization_norm|A_eff_norm|coherence_score|backbone_purity_norm|assignment_confidence_norm|mash_neighbor_distance_train_norm|replicon_architecture_norm|clinical_context_fraction_norm|A_recurrence_norm|pmlst_coherence_norm|ecology_context_diversity_norm|host_taxon_evenness_norm
kr_plus_pathogenic	source_balanced+class_balanced+knownness_balanced	3.0	0.8054380677963114	0.7114661269267056	0.7254828468118881	0.6351689189189189	0.7094476441615745	0.5527699455999978	1.225673840983977	13	T_eff_norm|H_specialization_norm|A_eff_norm|coherence_score|backbone_purity_norm|assignment_confidence_norm|mash_neighbor_distance_train_norm|replicon_architecture_norm|clinical_context_fraction_norm|A_recurrence_norm|pmlst_coherence_norm|ecology_context_diversity_norm|pathogenic_context_fraction_norm
eco_external	source_balanced+class_balanced+knownness_balanced	3.0	0.8053763867227083	0.7151026338084334	0.7258944057383073	0.6346959459459459	0.7071156355360335	0.5519153082015223	1.2252771877564135	13	T_eff_norm|H_specialization_norm|A_eff_norm|coherence_score|backbone_purity_norm|assignment_confidence_norm|mash_neighbor_distance_train_norm|replicon_architecture_norm|clinical_context_fraction_norm|A_recurrence_norm|pmlst_coherence_norm|ecology_context_diversity_norm|H_external_host_range_norm
kr_plus_external	source_balanced+class_balanced+knownness_balanced	3.0	0.8053763867227083	0.7151026338084334	0.7258944057383073	0.6346959459459459	0.7071156355360335	0.5519153082015223	1.2252771877564135	13	T_eff_norm|H_specialization_norm|A_eff_norm|coherence_score|backbone_purity_norm|assignment_confidence_norm|mash_neighbor_distance_train_norm|replicon_architecture_norm|clinical_context_fraction_norm|A_recurrence_norm|pmlst_coherence_norm|ecology_context_diversity_norm|H_external_host_range_norm
kr_plus_external	source_balanced+class_balanced	4.0	0.8022835214606078	0.7130168962653707	0.7278640091718847	0.6305067567567567	0.7109095870331359	0.5323986294130897	1.225038157440581	13	T_eff_norm|H_specialization_norm|A_eff_norm|coherence_score|backbone_purity_norm|assignment_confidence_norm|mash_neighbor_distance_train_norm|replicon_architecture_norm|clinical_context_fraction_norm|A_recurrence_norm|pmlst_coherence_norm|ecology_context_diversity_norm|H_external_host_range_norm
eco_external	source_balanced+class_balanced	4.0	0.8022835214606078	0.7130168962653707	0.7278640091718847	0.6305067567567567	0.7109095870331359	0.5323986294130897	1.225038157440581	13	T_eff_norm|H_specialization_norm|A_eff_norm|coherence_score|backbone_purity_norm|assignment_confidence_norm|mash_neighbor_distance_train_norm|replicon_architecture_norm|clinical_context_fraction_norm|A_recurrence_norm|pmlst_coherence_norm|ecology_context_diversity_norm|H_external_host_range_norm
kr_plus_external	source_balanced+class_balanced+knownness_balanced	4.0	0.8051560971741256	0.714858947541034	0.7246303318928771	0.6353716216216216	0.7082013854650671	0.5533016564028473	1.2248635993909849	13	T_eff_norm|H_specialization_norm|A_eff_norm|coherence_score|backbone_purity_norm|assignment_confidence_norm|mash_neighbor_distance_train_norm|replicon_architecture_norm|clinical_context_fraction_norm|A_recurrence_norm|pmlst_coherence_norm|ecology_context_diversity_norm|H_external_host_range_norm
eco_external	source_balanced+class_balanced+knownness_balanced	4.0	0.8051560971741256	0.714858947541034	0.7246303318928771	0.6353716216216216	0.7082013854650671	0.5533016564028473	1.2248635993909849	13	T_eff_norm|H_specialization_norm|A_eff_norm|coherence_score|backbone_purity_norm|assignment_confidence_norm|mash_neighbor_distance_train_norm|replicon_architecture_norm|clinical_context_fraction_norm|A_recurrence_norm|pmlst_coherence_norm|ecology_context_diversity_norm|H_external_host_range_norm
kr_plus_external	source_balanced+class_balanced	3.0	0.802039000061681	0.7127525499499572	0.7275185936443543	0.6302364864864864	0.7116350056524186	0.5323363631140179	1.224788513009086	13	T_eff_norm|H_specialization_norm|A_eff_norm|coherence_score|backbone_purity_norm|assignment_confidence_norm|mash_neighbor_distance_train_norm|replicon_architecture_norm|clinical_context_fraction_norm|A_recurrence_norm|pmlst_coherence_norm|ecology_context_diversity_norm|H_external_host_range_norm
eco_external	source_balanced+class_balanced	3.0	0.802039000061681	0.7127525499499572	0.7275185936443543	0.6302364864864864	0.7116350056524186	0.5323363631140179	1.224788513009086	13	T_eff_norm|H_specialization_norm|A_eff_norm|coherence_score|backbone_purity_norm|assignment_confidence_norm|mash_neighbor_distance_train_norm|replicon_architecture_norm|clinical_context_fraction_norm|A_recurrence_norm|pmlst_coherence_norm|ecology_context_diversity_norm|H_external_host_range_norm
eco_external_evenness	source_balanced+class_balanced+knownness_balanced	3.0	0.8045657211839241	0.6948757030614431	0.7294073551459564	0.635777027027027	0.705866052619784	0.5613144751580491	1.2243588066381073	14	T_eff_norm|H_specialization_norm|A_eff_norm|coherence_score|backbone_purity_norm|assignment_confidence_norm|mash_neighbor_distance_train_norm|replicon_architecture_norm|clinical_context_fraction_norm|A_recurrence_norm|pmlst_coherence_norm|ecology_context_diversity_norm|H_external_host_range_norm|host_taxon_evenness_norm
kr_plus_external_evenness	source_balanced+class_balanced+knownness_balanced	3.0	0.8045657211839241	0.6948757030614431	0.7294073551459564	0.635777027027027	0.705866052619784	0.5613144751580491	1.2243588066381073	14	T_eff_norm|H_specialization_norm|A_eff_norm|coherence_score|backbone_purity_norm|assignment_confidence_norm|mash_neighbor_distance_train_norm|replicon_architecture_norm|clinical_context_fraction_norm|A_recurrence_norm|pmlst_coherence_norm|ecology_context_diversity_norm|H_external_host_range_norm|host_taxon_evenness_norm
eco_external	source_balanced+class_balanced+knownness_balanced	5.0	0.8047860107325068	0.7150018994381416	0.7233956551136197	0.6351689189189189	0.7079544428342106	0.5539569555081721	1.2239545449562381	13	T_eff_norm|H_specialization_norm|A_eff_norm|coherence_score|backbone_purity_norm|assignment_confidence_norm|mash_neighbor_distance_train_norm|replicon_architecture_norm|clinical_context_fraction_norm|A_recurrence_norm|pmlst_coherence_norm|ecology_context_diversity_norm|H_external_host_range_norm
kr_plus_external	source_balanced+class_balanced+knownness_balanced	5.0	0.8047860107325068	0.7150018994381416	0.7233956551136197	0.6351689189189189	0.7079544428342106	0.5539569555081721	1.2239545449562381	13	T_eff_norm|H_specialization_norm|A_eff_norm|coherence_score|backbone_purity_norm|assignment_confidence_norm|mash_neighbor_distance_train_norm|replicon_architecture_norm|clinical_context_fraction_norm|A_recurrence_norm|pmlst_coherence_norm|ecology_context_diversity_norm|H_external_host_range_norm
phylo_swap	source_balanced+class_balanced	5.0	0.7974173253324169	0.7124980352335436	0.7270335420525031	0.6356418918918919	0.7073167861061725	0.5014786806161827	1.2239416818738387	12	T_eff_norm|H_phylogenetic_specialization_norm|A_eff_norm|coherence_score|backbone_purity_norm|assignment_confidence_norm|mash_neighbor_distance_train_norm|replicon_architecture_norm|clinical_context_fraction_norm|A_recurrence_norm|pmlst_coherence_norm|ecology_context_diversity_norm
phylo_dual	source_balanced+class_balanced+knownness_balanced	3.0	0.8051693145470407	0.7174676550538012	0.7256739277420113	0.6344932432432432	0.7072982186166266	0.5608916352441039	1.2239227890123257	13	T_eff_norm|H_specialization_norm|H_phylogenetic_specialization_norm|A_eff_norm|coherence_score|backbone_purity_norm|assignment_confidence_norm|mash_neighbor_distance_train_norm|replicon_architecture_norm|clinical_context_fraction_norm|A_recurrence_norm|pmlst_coherence_norm|ecology_context_diversity_norm
eco_external_evenness	source_balanced+class_balanced+knownness_balanced	4.0	0.8043608519037423	0.6949186321813827	0.7277537701737367	0.6346959459459459	0.7089194916309345	0.562614671227633	1.2238963099239235	14	T_eff_norm|H_specialization_norm|A_eff_norm|coherence_score|backbone_purity_norm|assignment_confidence_norm|mash_neighbor_distance_train_norm|replicon_architecture_norm|clinical_context_fraction_norm|A_recurrence_norm|pmlst_coherence_norm|ecology_context_diversity_norm|H_external_host_range_norm|host_taxon_evenness_norm
kr_plus_external_evenness	source_balanced+class_balanced+knownness_balanced	4.0	0.8043608519037423	0.6949186321813827	0.7277537701737367	0.6346959459459459	0.7089194916309345	0.562614671227633	1.2238963099239235	14	T_eff_norm|H_specialization_norm|A_eff_norm|coherence_score|backbone_purity_norm|assignment_confidence_norm|mash_neighbor_distance_train_norm|replicon_architecture_norm|clinical_context_fraction_norm|A_recurrence_norm|pmlst_coherence_norm|ecology_context_diversity_norm|H_external_host_range_norm|host_taxon_evenness_norm
kr_plus_external_evenness	source_balanced+class_balanced+knownness_balanced	5.0	0.8044137213954021	0.6956617129022492	0.7264309021959608	0.6350337837837838	0.7098803571398928	0.5633276272501786	1.2237265049689043	14	T_eff_norm|H_specialization_norm|A_eff_norm|coherence_score|backbone_purity_norm|assignment_confidence_norm|mash_neighbor_distance_train_norm|replicon_architecture_norm|clinical_context_fraction_norm|A_recurrence_norm|pmlst_coherence_norm|ecology_context_diversity_norm|H_external_host_range_norm|host_taxon_evenness_norm
eco_external_evenness	source_balanced+class_balanced+knownness_balanced	5.0	0.8044137213954021	0.6956617129022492	0.7264309021959608	0.6350337837837838	0.7098803571398928	0.5633276272501786	1.2237265049689043	14	T_eff_norm|H_specialization_norm|A_eff_norm|coherence_score|backbone_purity_norm|assignment_confidence_norm|mash_neighbor_distance_train_norm|replicon_architecture_norm|clinical_context_fraction_norm|A_recurrence_norm|pmlst_coherence_norm|ecology_context_diversity_norm|H_external_host_range_norm|host_taxon_evenness_norm
eco_external_evenness	source_balanced+class_balanced	4.0	0.7990254390370704	0.6904100845565452	0.7314431019784225	0.6359121621621622	0.7087295213953588	0.5381953846677632	1.2228032601819698	14	T_eff_norm|H_specialization_norm|A_eff_norm|coherence_score|backbone_purity_norm|assignment_confidence_norm|mash_neighbor_distance_train_norm|replicon_architecture_norm|clinical_context_fraction_norm|A_recurrence_norm|pmlst_coherence_norm|ecology_context_diversity_norm|H_external_host_range_norm|host_taxon_evenness_norm
kr_plus_external_evenness	source_balanced+class_balanced	4.0	0.7990254390370704	0.6904100845565452	0.7314431019784225	0.6359121621621622	0.7087295213953588	0.5381953846677632	1.2228032601819698	14	T_eff_norm|H_specialization_norm|A_eff_norm|coherence_score|backbone_purity_norm|assignment_confidence_norm|mash_neighbor_distance_train_norm|replicon_architecture_norm|clinical_context_fraction_norm|A_recurrence_norm|pmlst_coherence_norm|ecology_context_diversity_norm|H_external_host_range_norm|host_taxon_evenness_norm
phylo_dual	source_balanced+class_balanced+knownness_balanced	4.0	0.804770590464106	0.717401357044486	0.724035041302878	0.6341554054054054	0.7083968856916618	0.5654616226858981	1.2226361663520753	13	T_eff_norm|H_specialization_norm|H_phylogenetic_specialization_norm|A_eff_norm|coherence_score|backbone_purity_norm|assignment_confidence_norm|mash_neighbor_distance_train_norm|replicon_architecture_norm|clinical_context_fraction_norm|A_recurrence_norm|pmlst_coherence_norm|ecology_context_diversity_norm
phylo_swap	source_balanced+class_balanced	4.0	0.7972851516032673	0.7123649853594274	0.7268277625892936	0.6351689189189189	0.7017782479826427	0.5012657829967272	1.2225710198007604	12	T_eff_norm|H_phylogenetic_specialization_norm|A_eff_norm|coherence_score|backbone_purity_norm|assignment_confidence_norm|mash_neighbor_distance_train_norm|replicon_architecture_norm|clinical_context_fraction_norm|A_recurrence_norm|pmlst_coherence_norm|ecology_context_diversity_norm
kr_plus_external_evenness	source_balanced+class_balanced	5.0	0.799309612554742	0.690750496935827	0.7316415321750889	0.63625	0.705683108481616	0.5386895750361339	1.222545944899256	14	T_eff_norm|H_specialization_norm|A_eff_norm|coherence_score|backbone_purity_norm|assignment_confidence_norm|mash_neighbor_distance_train_norm|replicon_architecture_norm|clinical_context_fraction_norm|A_recurrence_norm|pmlst_coherence_norm|ecology_context_diversity_norm|H_external_host_range_norm|host_taxon_evenness_norm
eco_external_evenness	source_balanced+class_balanced	5.0	0.799309612554742	0.690750496935827	0.7316415321750889	0.63625	0.705683108481616	0.5386895750361339	1.222545944899256	14	T_eff_norm|H_specialization_norm|A_eff_norm|coherence_score|backbone_purity_norm|assignment_confidence_norm|mash_neighbor_distance_train_norm|replicon_architecture_norm|clinical_context_fraction_norm|A_recurrence_norm|pmlst_coherence_norm|ecology_context_diversity_norm|H_external_host_range_norm|host_taxon_evenness_norm
eco_external_evenness	source_balanced+class_balanced	3.0	0.7987765118471719	0.6903738988119252	0.7314063556457066	0.6353040540540541	0.7064453757239827	0.5376295327894199	1.222032760561761	14	T_eff_norm|H_specialization_norm|A_eff_norm|coherence_score|backbone_purity_norm|assignment_confidence_norm|mash_neighbor_distance_train_norm|replicon_architecture_norm|clinical_context_fraction_norm|A_recurrence_norm|pmlst_coherence_norm|ecology_context_diversity_norm|H_external_host_range_norm|host_taxon_evenness_norm
kr_plus_external_evenness	source_balanced+class_balanced	3.0	0.7987765118471719	0.6903738988119252	0.7314063556457066	0.6353040540540541	0.7064453757239827	0.5376295327894199	1.222032760561761	14	T_eff_norm|H_specialization_norm|A_eff_norm|coherence_score|backbone_purity_norm|assignment_confidence_norm|mash_neighbor_distance_train_norm|replicon_architecture_norm|clinical_context_fraction_norm|A_recurrence_norm|pmlst_coherence_norm|ecology_context_diversity_norm|H_external_host_range_norm|host_taxon_evenness_norm
phylo_dual	source_balanced+class_balanced+knownness_balanced	5.0	0.8043894895450581	0.7171496201943725	0.7232192727165829	0.6338851351351351	0.7102576851312341	0.5683267430834706	1.22198462624329	13	T_eff_norm|H_specialization_norm|H_phylogenetic_specialization_norm|A_eff_norm|coherence_score|backbone_purity_norm|assignment_confidence_norm|mash_neighbor_distance_train_norm|replicon_architecture_norm|clinical_context_fraction_norm|A_recurrence_norm|pmlst_coherence_norm|ecology_context_diversity_norm
phylo_aug_swap	source_balanced+class_balanced+knownness_balanced	3.0	0.7889163516526122	0.6960080031431727	0.7200590881030073	0.6394256756756757	0.7050534738718819	0.4325168332912993	1.2219278879980697	12	T_eff_norm|H_phylogenetic_augmented_specialization_norm|A_eff_norm|coherence_score|backbone_purity_norm|assignment_confidence_norm|mash_neighbor_distance_train_norm|replicon_architecture_norm|clinical_context_fraction_norm|A_recurrence_norm|pmlst_coherence_norm|ecology_context_diversity_norm
phylo_swap	source_balanced+class_balanced+knownness_balanced	3.0	0.80022381418136	0.7133565170277204	0.7226533791927565	0.6363851351351352	0.7024356342246061	0.5246386140642296	1.2218273481234276	12	T_eff_norm|H_phylogenetic_specialization_norm|A_eff_norm|coherence_score|backbone_purity_norm|assignment_confidence_norm|mash_neighbor_distance_train_norm|replicon_architecture_norm|clinical_context_fraction_norm|A_recurrence_norm|pmlst_coherence_norm|ecology_context_diversity_norm
phylo_aug_swap	source_balanced+class_balanced	5.0	0.7857794284807952	0.6945870285235004	0.724439250962754	0.6347635135135136	0.7106312033426461	0.4200285912500913	1.2217867161908422	12	T_eff_norm|H_phylogenetic_augmented_specialization_norm|A_eff_norm|coherence_score|backbone_purity_norm|assignment_confidence_norm|mash_neighbor_distance_train_norm|replicon_architecture_norm|clinical_context_fraction_norm|A_recurrence_norm|pmlst_coherence_norm|ecology_context_diversity_norm
phylo_aug_swap	source_balanced+class_balanced+knownness_balanced	4.0	0.7884801783464185	0.696271095364063	0.7181923744010348	0.6391554054054054	0.7078334096949354	0.4322455956888977	1.2214661822041293	12	T_eff_norm|H_phylogenetic_augmented_specialization_norm|A_eff_norm|coherence_score|backbone_purity_norm|assignment_confidence_norm|mash_neighbor_distance_train_norm|replicon_architecture_norm|clinical_context_fraction_norm|A_recurrence_norm|pmlst_coherence_norm|ecology_context_diversity_norm
phylo_aug_swap	source_balanced+class_balanced	4.0	0.7855965881554715	0.6945782711778486	0.7243437104976923	0.6346283783783784	0.709488012058493	0.4195991306624327	1.2213710837126615	12	T_eff_norm|H_phylogenetic_augmented_specialization_norm|A_eff_norm|coherence_score|backbone_purity_norm|assignment_confidence_norm|mash_neighbor_distance_train_norm|replicon_architecture_norm|clinical_context_fraction_norm|A_recurrence_norm|pmlst_coherence_norm|ecology_context_diversity_norm
phylo_swap	source_balanced+class_balanced+knownness_balanced	5.0	0.7998647422171703	0.7127160579529004	0.7200443895699209	0.635777027027027	0.7079813042727636	0.5275491138669708	1.2213238316840682	12	T_eff_norm|H_phylogenetic_specialization_norm|A_eff_norm|coherence_score|backbone_purity_norm|assignment_confidence_norm|mash_neighbor_distance_train_norm|replicon_architecture_norm|clinical_context_fraction_norm|A_recurrence_norm|pmlst_coherence_norm|ecology_context_diversity_norm
phylo_swap	source_balanced+class_balanced	3.0	0.7970009780855957	0.7123689138792354	0.7264823470617633	0.6341554054054054	0.698043792133759	0.5007748080509564	1.221292544745843	12	T_eff_norm|H_phylogenetic_specialization_norm|A_eff_norm|coherence_score|backbone_purity_norm|assignment_confidence_norm|mash_neighbor_distance_train_norm|replicon_architecture_norm|clinical_context_fraction_norm|A_recurrence_norm|pmlst_coherence_norm|ecology_context_diversity_norm
phylo_aug_swap	source_balanced+class_balanced+knownness_balanced	5.0	0.7878325270735855	0.6958389181060244	0.7165461386953582	0.6398310810810811	0.7097297587803392	0.43200796657032253	1.2208675806660383	12	T_eff_norm|H_phylogenetic_augmented_specialization_norm|A_eff_norm|coherence_score|backbone_purity_norm|assignment_confidence_norm|mash_neighbor_distance_train_norm|replicon_architecture_norm|clinical_context_fraction_norm|A_recurrence_norm|pmlst_coherence_norm|ecology_context_diversity_norm
phylo_swap	source_balanced+class_balanced+knownness_balanced	4.0	0.7998867711720286	0.7126285872985025	0.7209997942205368	0.6359121621621622	0.7029392057895374	0.5267624189772929	1.2207454927512544	12	T_eff_norm|H_phylogenetic_specialization_norm|A_eff_norm|coherence_score|backbone_purity_norm|assignment_confidence_norm|mash_neighbor_distance_train_norm|replicon_architecture_norm|clinical_context_fraction_norm|A_recurrence_norm|pmlst_coherence_norm|ecology_context_diversity_norm
phylo_aug_swap	source_balanced+class_balanced	3.0	0.7853939217707755	0.6945899170000815	0.7241232325013963	0.63375	0.7062296002470132	0.419205585143354	1.2203221413533945	12	T_eff_norm|H_phylogenetic_augmented_specialization_norm|A_eff_norm|coherence_score|backbone_purity_norm|assignment_confidence_norm|mash_neighbor_distance_train_norm|replicon_architecture_norm|clinical_context_fraction_norm|A_recurrence_norm|pmlst_coherence_norm|ecology_context_diversity_norm
