backbone_id	spread_label	visibility_expansion_label	dominant_genus	primary_replicon	dominant_mpf_type	amr_class_tokens	dominant_amr_gene_family
AA378	1	1	Escherichia	IncHI1B	MPF_F	AMINOGLYCOSIDE,AMINOGLYCOSIDE/QUINOLONE,BETA-LACTAM,BLEOMYCIN,CEPHALOSPORIN,COLISTIN,DIAMINOPYRIMIDINE,FLUOROQUINOLONE,GLYCYLCYCLINE,MACROLIDE,MONOBACTAM,NITROFURAN,PENAM,PENEM,PHENICOL,PHENICOL/QUINOLONE,QUINOLONE,RIFAMYCIN,SULFONAMIDE,TETRACYCLINE,TRIMETHOPRIM	APH
AD723	0	0	Serratia	IncI1	MPF_F		
AA231	0	0	Pseudomonas	rep_cluster_283	MPF_I		
AA519	1	1	Cronobacter	rep_cluster_2335			
AB724	1	1	Staphylococcus	rep_cluster_1017		FOSFOMYCIN,PHOSPHONIC ACID	QACJ
AA372	1	1	Escherichia	IncI2	MPF_T	AMINOGLYCOSIDE,BETA-LACTAM,CEPHALOSPORIN,COLISTIN,FOSFOMYCIN,LINCOSAMIDE,LINCOSAMIDE/MACROLIDE/STREPTOGRAMIN,MACROLIDE,NUCLEOSIDE,PEPTIDE,PHENICOL,PHENICOL/QUINOLONE,STREPTOGRAMIN,STREPTOGRAMIN A,STREPTOGRAMIN B,STREPTOTHRICIN,SULFONAMIDE,TETRACYCLINE,TRIMETHOPRIM	MCR
AA452	1	1	Klebsiella	IncFII	MPF_F	AMINOGLYCOSIDE,AMINOGLYCOSIDE/QUINOLONE,BETA-LACTAM,CEPHALOSPORIN,FLUOROQUINOLONE,MONOBACTAM,PENAM,PENEM,PHENICOL,QUINOLONE,RIFAMYCIN,SULFONAMIDE,TETRACYCLINE,TRIMETHOPRIM	APH
AG719	0	0	Limosilactobacillus	rep_cluster_50		LINCOSAMIDE,LINCOSAMIDE/MACROLIDE/STREPTOGRAMIN,MACROLIDE,STREPTOGRAMIN,STREPTOGRAMIN A,STREPTOGRAMIN B	VATE
AA324	1	1	Escherichia	IncFIA	MPF_F	AMINOGLYCOSIDE,AMINOGLYCOSIDE/QUINOLONE,BETA-LACTAM,BLEOMYCIN,CEPHALOSPORIN,CEPHAMYCIN,DIAMINOPYRIMIDINE,FLUOROQUINOLONE,FOSFOMYCIN,GLYCOPEPTIDE,LINCOSAMIDE,LINCOSAMIDE/MACROLIDE/STREPTOGRAMIN,MACROLIDE,MACROLIDE/STREPTOGRAMIN,MONOBACTAM,PENAM,PENEM,PHENICOL,QUINOLONE,RIFAMYCIN,STREPTOGRAMIN,STREPTOGRAMIN A,STREPTOGRAMIN B,SULFONAMIDE,TETRACYCLINE,TRIMETHOPRIM	AAC
AC030	1	1	Escherichia	IncFIA			CSSA
AA739	1	1	Enterobacter	IncHI2A	MPF_F	AMINOCOUMARIN,AMINOGLYCOSIDE,AMINOGLYCOSIDE/QUINOLONE,BETA-LACTAM,BLEOMYCIN,CARBAPENEM,CEPHALOSPORIN,CEPHAMYCIN,COLISTIN,DIAMINOPYRIMIDINE,EFFLUX,ELFAMYCIN,FLUOROQUINOLONE,FOSFOMYCIN,GLYCOPEPTIDE,GLYCYLCYCLINE,MACROLIDE,MACROLIDE/STREPTOGRAMIN,MONOBACTAM,NITROIMIDAZOLE,NUCLEOSIDE,OXACEPHEM,PENAM,PENEM,PEPTIDE,PHENICOL,PHOSPHONIC ACID,QUINOLONE,RIFAMYCIN,STREPTOGRAMIN,SULFONAMIDE,TETRACYCLINE,TRIMETHOPRIM	AAC
AA001	1	1	Citrobacter	IncL/M	MPF_I	AMINOGLYCOSIDE,AMINOGLYCOSIDE/QUINOLONE,BETA-LACTAM,FLUOROQUINOLONE,PHENICOL,QUINOLONE,SULFONAMIDE,TETRACYCLINE,TRIMETHOPRIM	BLAOXA
AB705	0	0	Acinetobacter			AMINOGLYCOSIDE	AADA
AC844	0	0	Aliivibrio	rep_cluster_1445			
AH321	0	0	Acetobacter				
AA768	0	0	Staphylococcus	rep_cluster_910		BETA-LACTAM,PENAM	QACA
AA742	1	1	Chlamydia	rep_cluster_308			
AD572	1	1	Streptococcus	rep_cluster_1188			
AG456	1	1	Escherichia			AMINOGLYCOSIDE,BETA-LACTAM	BLATEM
AD570	0	0	Streptococcus	rep_cluster_1188			
AB285	0	0	Streptococcus				
AF917	0	0	Pseudomonas				MERD
AC111	1	1	Xanthomonas	rep_cluster_156	MPF_T		
AC517	1	1	Erwinia	rep_cluster_1099			
AC281	1	1	Vibrio	IncC		AMINOGLYCOSIDE,AMINOGLYCOSIDE/QUINOLONE,BETA-LACTAM,BLEOMYCIN,CEPHALOSPORIN,CEPHAMYCIN,DIAMINOPYRIMIDINE,FLUOROQUINOLONE,MACROLIDE,MACROLIDE/STREPTOGRAMIN,PENAM,PHENICOL,QUINOLONE,RIFAMYCIN,STREPTOGRAMIN,SULFONAMIDE,TETRACYCLINE,TRIMETHOPRIM	AADA
AC969	1	1	Acinetobacter	rep_cluster_1218	MPF_T	AMINOGLYCOSIDE,BETA-LACTAM,BLEOMYCIN,MACROLIDE,MACROLIDE/STREPTOGRAMIN,PHENICOL,STREPTOGRAMIN,SULFONAMIDE,TETRACYCLINE,TRIMETHOPRIM	APH
AF535	1	1	Mesorhizobium		MPF_T		
AA229	0	0	Pseudomonas	rep_cluster_283			
AA840	1	1	Staphylococcus	rep_cluster_1017		AMINOGLYCOSIDE,BETA-LACTAM,FLUOROQUINOLONE,MACROLIDE,MACROLIDE/STREPTOGRAMIN,MUPIROCIN,MUPIROCIN-LIKE,NUCLEOSIDE,PENAM,STREPTOGRAMIN,STREPTOGRAMIN B,STREPTOTHRICIN,TRIMETHOPRIM	MSRA
AA086	0	0	Staphylococcus	rep_cluster_1017	MPF_T	BETA-LACTAM,DIAMINOPYRIMIDINE,MACROLIDE,MACROLIDE/STREPTOGRAMIN,PENAM,STREPTOGRAMIN,STREPTOGRAMIN B,TRIMETHOPRIM	MPHC
AF912	0	0	Pandoraea		MPF_T		
AB460	1	1	Salmonella	IncFIB	MPF_F	AMINOGLYCOSIDE,BETA-LACTAM,CEPHALOSPORIN,DIAMINOPYRIMIDINE,MACROLIDE,MONOBACTAM,PENAM,PENEM,PHENICOL,PHENICOL/QUINOLONE,QUINOLONE,SULFONAMIDE,TETRACYCLINE,TRIMETHOPRIM	SPVD
AF909	0	0	Pandoraea		MPF_T		
AF910	0	0	Pandoraea	rep_cluster_226	MPF_T		
AC762	0	0	Planococcus	rep_cluster_644			
AA553	1	1	Klebsiella	IncFIA	MPF_I	AMINOGLYCOSIDE,AMINOGLYCOSIDE/QUINOLONE,BETA-LACTAM,CARBAPENEM,CEPHALOSPORIN,COLISTIN,DIAMINOPYRIMIDINE,FLUOROQUINOLONE,LINCOSAMIDE,LINCOSAMIDE/MACROLIDE/STREPTOGRAMIN,MACROLIDE,MACROLIDE/STREPTOGRAMIN,MONOBACTAM,PENAM,PENEM,PHENICOL,QUINOLONE,RIFAMYCIN,STREPTOGRAMIN,STREPTOGRAMIN A,STREPTOGRAMIN B,SULFONAMIDE,TETRACYCLINE,TRIMETHOPRIM	AAC
AA338	1	1	Escherichia	IncFIA	MPF_F	AMINOGLYCOSIDE,AMINOGLYCOSIDE/QUINOLONE,BETA-LACTAM,BLEOMYCIN,CARBAPENEM,CEPHALOSPORIN,CEPHAMYCIN,COLISTIN,DIAMINOPYRIMIDINE,FLUOROQUINOLONE,FOSFOMYCIN,GLYCOPEPTIDE,LINCOSAMIDE,LINCOSAMIDE/MACROLIDE,LINCOSAMIDE/MACROLIDE/STREPTOGRAMIN,MACROLIDE,MACROLIDE/STREPTOGRAMIN,MONOBACTAM,PENAM,PENEM,PHENICOL,PHENICOL/QUINOLONE,QUINOLONE,RIFAMYCIN,STREPTOGRAMIN,STREPTOGRAMIN A,STREPTOGRAMIN B,SULFONAMIDE,TETRACYCLINE,TRIMETHOPRIM	MPHA
AD485	1	1	Klebsiella	rep_cluster_2350		AMINOGLYCOSIDE,BETA-LACTAM,DIAMINOPYRIMIDINE	AAC
AD158	1	1	Klebsiella	IncN	MPF_T	AMINOGLYCOSIDE,BETA-LACTAM,BLEOMYCIN,DIAMINOPYRIMIDINE,GLYCOPEPTIDE,LINCOSAMIDE,PHENICOL,QUINOLONE,SULFONAMIDE,TETRACYCLINE,TRIMETHOPRIM	APH
AA964	1	1	Klebsiella	IncFII	MPF_I	AMINOGLYCOSIDE,AMINOGLYCOSIDE/QUINOLONE,BETA-LACTAM,BLEOMYCIN,FLUOROQUINOLONE,GLYCOPEPTIDE,PHENICOL,QUINOLONE,RIFAMYCIN,SULFONAMIDE,TRIMETHOPRIM	RMTF
AA442	1	1	Klebsiella	IncFIB	MPF_F	AMINOGLYCOSIDE,CARBAPENEM,CEPHALOSPORIN,DIAMINOPYRIMIDINE,FLUOROQUINOLONE,MACROLIDE,PENAM,PENEM,PEPTIDE,PHENICOL	ARSA
AC330	0	0	Staphylococcus			TETRACYCLINE	TETK
AA770	0	0	Staphylococcus	rep_cluster_1118		BETA-LACTAM,FUSIDIC ACID,PENAM,TETRACYCLINE	PC
AH302	0	0	Kocuria				
AH061	0	0	Kocuria				
AF409	0	0	Kocuria				
AF408	0	0	Kocuria				
AA401	1	1	Klebsiella	IncFIB		AMINOGLYCOSIDE,AMINOGLYCOSIDE/QUINOLONE,BETA-LACTAM,COLISTIN,FLUOROQUINOLONE,MACROLIDE,MACROLIDE/STREPTOGRAMIN,PHENICOL,QUINOLONE,RIFAMYCIN,STREPTOGRAMIN,SULFONAMIDE,TETRACYCLINE,TRIMETHOPRIM	APH
AD445	0	0	Klebsiella				CLPK
AG076	0	0	Leptolyngbya			PHOSPHONIC ACID	FOSXCC
AH230	0	0	Leptolyngbya				
AG077	0	0	Leptolyngbya			FLUOROQUINOLONE,TETRACYCLINE	ADEF
AH062	0	0	Pandoraea	rep_cluster_877			
AE520	0	0	Clostridium				
AH492	0	0	Leptospira				
AE068	0	0	Leptospira				
AE075	1	1	Fusobacterium	rep_cluster_677			
AD751	0	0	Acinetobacter	rep_cluster_1247			
AC260	0	0	Alcaligenes	rep_cluster_1547	MPF_T	AMINOGLYCOSIDE,LINCOSAMIDE,LINCOSAMIDE/MACROLIDE/STREPTOGRAMIN,MACROLIDE,PHENICOL,STREPTOGRAMIN,STREPTOGRAMIN A,STREPTOGRAMIN B,SULFONAMIDE,TETRACYCLINE,TRIMETHOPRIM	SUL
AA851	1	1	Staphylococcus	rep_cluster_1017		AMINOGLYCOSIDE,BETA-LACTAM,MACROLIDE,MACROLIDE/STREPTOGRAMIN,NUCLEOSIDE,PENAM,STREPTOGRAMIN,STREPTOGRAMIN B,STREPTOTHRICIN	CADD
AF960	0	0	Fusobacterium				
AH119	0	0	Candidatus_Tenderia				
AB653	0	0	Rickettsia	rep_cluster_16			
AF363	0	0	Rickettsia				
AA400	1	1	Klebsiella	IncFIB	MPF_T	AMINOGLYCOSIDE,BETA-LACTAM,BLEOMYCIN,CARBAPENEM,CEPHALOSPORIN,CEPHAMYCIN,COLISTIN,FLUOROQUINOLONE,GLYCOPEPTIDE,PENAM,PHENICOL,QUINOLONE,RIFAMYCIN,SULFONAMIDE,TETRACYCLINE,TRIMETHOPRIM	APH
AC295	0	0	Comamonas	rep_cluster_455		AMINOGLYCOSIDE,BETA-LACTAM,DIAMINOPYRIMIDINE,MACROLIDE,SULFONAMIDE,TRIMETHOPRIM	QACG
AF428	1	1	Burkholderia	rep_cluster_1398	MPF_T	FLUOROQUINOLONE,TETRACYCLINE	ADEF
AG555	0	0	Bacillus	rep_cluster_125	MPF_T		
AB217	0	0	Sphingopyxis	rep_cluster_2256			
AC633	0	0	Sphingopyxis	rep_cluster_2265	MPF_F	FLUOROQUINOLONE,GLYCOPEPTIDE,SULFONAMIDE,TETRACYCLINE	ADEF
AG419	0	0	Microbacterium				
AG418	0	0	Microbacterium	rep_cluster_1579			
AD419	0	0	Lactobacillus	rep_cluster_589			
AF815	0	0	Lactobacillus				
AF258	0	0	Lactobacillus				
AD467	0	0	Lactobacillus				
AD468	0	0	Lactobacillus				
AB146	0	0	Persicobacter	rep_cluster_1992			
AF442	0	0	Persicobacter				
AG942	0	0	Persicobacter	rep_cluster_923			
AB822	0	0	Persicobacter	Inc18	MPF_T		
AB742	1	1	Clostridium	rep_cluster_1519		LINCOSAMIDE,LINCOSAMIDE/MACROLIDE/STREPTOGRAMIN,MACROLIDE,STREPTOGRAMIN,STREPTOGRAMIN A,STREPTOGRAMIN B,TETRACYCLINE	CPB
AE381	1	1	Persicobacter	rep_cluster_366		LINCOSAMIDE,MACROLIDE,STREPTOGRAMIN,STREPTOGRAMIN A,STREPTOGRAMIN B	ERMG
AG057	0	0	Persicobacter	rep_cluster_1747			
AG367	0	0	Persicobacter				
AE935	0	0	Persicobacter		MPF_I	FLUOROQUINOLONE,TETRACYCLINE	ADEF
AB932	1	1	Sphingopyxis	rep_cluster_1168	MPF_T		
AB927	0	0	Sphingopyxis	rep_cluster_736	MPF_T	FLUOROQUINOLONE,TETRACYCLINE	ADEF
AC442	0	0	Sphingopyxis	rep_cluster_1617	MPF_T	AMINOGLYCOSIDE,SULFONAMIDE	AAC
AB220	0	0	Sphingopyxis	rep_cluster_542			
AD655	0	0	Actibacterium	rep_cluster_579	MPF_T		
AD241	0	0	Actibacterium	rep_cluster_160	MPF_T		
AD385	0	0	Actibacterium	rep_cluster_599	MPF_T		
AB410	1	1	Halanaeroarchaeum	rep_cluster_1656	MPF_T		CLPK
AA728	0	0	Piscirickettsia	rep_cluster_1053			
AD942	0	0	Piscirickettsia	rep_cluster_1856			
AA730	0	0	Piscirickettsia	rep_cluster_1053			
AA733	0	0	Piscirickettsia				
AG446	1	1	Ralstonia	rep_cluster_213	MPF_T	FLUOROQUINOLONE,TETRACYCLINE	ADEF
AA162	1	1	Salmonella	rep_cluster_2350		AMINOGLYCOSIDE,BETA-LACTAM	APH
AA316	1	1	Salmonella	IncFIA	MPF_F	AMINOGLYCOSIDE,BETA-LACTAM,BLEOMYCIN,CEPHALOSPORIN,COLISTIN,FLUOROQUINOLONE,FOSFOMYCIN,LINCOSAMIDE,LINCOSAMIDE/MACROLIDE,LINCOSAMIDE/MACROLIDE/STREPTOGRAMIN,MACROLIDE,MONOBACTAM,PENAM,PENEM,PEPTIDE,PHENICOL,PHENICOL/QUINOLONE,QUINOLONE,STREPTOGRAMIN,STREPTOGRAMIN A,STREPTOGRAMIN B,SULFONAMIDE,TETRACYCLINE,TRIMETHOPRIM	AADA
AA627	1	1	Salmonella	IncC	MPF_F	AMINOGLYCOSIDE,AMINOGLYCOSIDE/QUINOLONE,BETA-LACTAM,BLEOMYCIN,CARBAPENEM,CEPHALOSPORIN,CEPHAMYCIN,COLISTIN,DIAMINOPYRIMIDINE,FLUOROQUINOLONE,FOSFOMYCIN,GLYCOPEPTIDE,LINCOSAMIDE,LINCOSAMIDE/MACROLIDE,LINCOSAMIDE/MACROLIDE/STREPTOGRAMIN,MACROLIDE,MACROLIDE/STREPTOGRAMIN,MONOBACTAM,PENAM,PENEM,PHENICOL,PHENICOL/QUINOLONE,QUINOLONE,RIFAMYCIN,STREPTOGRAMIN,STREPTOGRAMIN A,STREPTOGRAMIN B,SULFONAMIDE,TETRACYCLINE,TRIMETHOPRIM	APH
AH442	0	0	Arthrobacter				
AA729	0	0	Piscirickettsia				
AC956	0	0	Piscirickettsia	rep_cluster_737			
AA731	0	0	Piscirickettsia	rep_cluster_1053			
AD943	0	0	Piscirickettsia	rep_cluster_715			
AA035	1	1	Klebsiella	IncFIB	MPF_F	AMINOGLYCOSIDE,AMINOGLYCOSIDE/QUINOLONE,BETA-LACTAM,BLEOMYCIN,CEPHALOSPORIN,COLISTIN,ELFAMYCIN,FLUOROQUINOLONE,MACROLIDE,PENAM,PHENICOL,QUINOLONE,RIFAMYCIN,SULFONAMIDE,TETRACYCLINE,TRIMETHOPRIM	YFDX
AA336	1	1	Escherichia	IncFIA	MPF_F	AMINOGLYCOSIDE,AMINOGLYCOSIDE/QUINOLONE,BETA-LACTAM,BLEOMYCIN,CARBAPENEM,CEPHALOSPORIN,CEPHAMYCIN,COLISTIN,DIAMINOPYRIMIDINE,FLUOROQUINOLONE,FOSFOMYCIN,GLYCOPEPTIDE,LINCOSAMIDE,LINCOSAMIDE/MACROLIDE/STREPTOGRAMIN,MACROLIDE,MONOBACTAM,PENAM,PENEM,PHENICOL,QUINOLONE,RIFAMYCIN,STREPTOGRAMIN,STREPTOGRAMIN A,STREPTOGRAMIN B,SULFONAMIDE,TETRACYCLINE,TRIMETHOPRIM	BLATEM
AB777	0	0	Clavibacter		MPF_T		
AE707	0	0	Clavibacter	rep_cluster_204			
AE249	1	1	Acinetobacter	rep_cluster_481	MPF_T	AMINOGLYCOSIDE,BETA-LACTAM,BLEOMYCIN,DIAMINOPYRIMIDINE,FLUOROQUINOLONE,MACROLIDE,MACROLIDE/STREPTOGRAMIN,NUCLEOSIDE,PENAM,PHENICOL,STREPTOGRAMIN,STREPTOTHRICIN,SULFONAMIDE,TETRACYCLINE,TRIMETHOPRIM	APH
AD046	0	0	Candidatus_Profftella	rep_cluster_1361			
AG137	1	1	Bacillus				
AD592	0	0	Bacillus	rep_cluster_1836			
AD595	0	0	Bacillus				
AG431	0	0	Streptomyces	rep_cluster_1910			
AB085	0	0	Sphingopyxis	rep_cluster_694	MPF_F	FLUOROQUINOLONE,TETRACYCLINE	ADEF
AF587	0	0	Corynebacterium				
AG359	0	0	Corynebacterium				
AA833	1	1	Cronobacter	IncFIB	MPF_F		PCOB
AD164	1	1	Cronobacter	IncFIB		AMINOGLYCOSIDE,BETA-LACTAM,CARBAPENEM,CEPHALOSPORIN,CEPHAMYCIN,FLUOROQUINOLONE,MACROLIDE,PENAM,PEPTIDE,PHENICOL,QUINOLONE,SULFONAMIDE,TETRACYCLINE,TRIMETHOPRIM	CPA
AA756	1	1	Cronobacter	rep_cluster_763			
AG573	0	0	Anabaena	rep_cluster_1727			
AD162	0	0	Cronobacter	IncFIB			ARSA
AD161	0	0	Cronobacter	IncFIB			
AD166	0	0	Cronobacter	IncFIB			
AD105	0	0	Spiroplasma				
AE692	0	0	Spiroplasma				
AB648	0	0	Rickettsia	rep_cluster_41			
AB040	1	1	Enterobacter	rep_cluster_2335		QUINOLONE	QNRB
AG640	1	1	Enterobacter	rep_cluster_1778		BETA-LACTAM	BLAKPC
AA514	1	1	Enterobacter	rep_cluster_2335			
AB978	1	1	Enterobacter	rep_cluster_1367	MPF_T	AMINOGLYCOSIDE,BETA-LACTAM,CARBAPENEM,CEPHALOSPORIN,MONOBACTAM,PENAM,PENEM,QUINOLONE,SULFONAMIDE	BLATEM
AA622	1	1	Enterobacter	IncA	MPF_F	AMINOGLYCOSIDE,AMINOGLYCOSIDE/QUINOLONE,BETA-LACTAM,FLUOROQUINOLONE,MACROLIDE,PHENICOL,RIFAMYCIN,SULFONAMIDE,TETRACYCLINE,TRIMETHOPRIM	SUL
AA424	1	1	Enterobacter	IncFIB	MPF_F	AMINOGLYCOSIDE,AMINOGLYCOSIDE/QUINOLONE,BETA-LACTAM,BLEOMYCIN,CEPHALOSPORIN,COLISTIN,FLUOROQUINOLONE,GLYCOPEPTIDE,MONOBACTAM,PENAM,PENEM,PHENICOL,QUINOLONE,RIFAMYCIN,SULFONAMIDE,TETRACYCLINE,TRIMETHOPRIM	APH
AB169	1	1	Enterobacter	rep_cluster_1444		AMINOGLYCOSIDE,BETA-LACTAM,PHENICOL,QUINOLONE,RIFAMYCIN,SULFONAMIDE,TETRACYCLINE,TRIMETHOPRIM	BLALAP
AC689	0	0	Chelatococcus	rep_cluster_841	MPF_T	CARBAPENEM,FLUOROQUINOLONE,PENAM,TETRACYCLINE	ADEF
AF420	0	0	Streptomyces				
AE202	0	0	Candidatus_Palibaumannia	rep_cluster_1539			
AA539	1	1	Enterobacter	ColRNAI_rep_cluster_1987			
AC753	0	0	Lactobacillus	rep_cluster_556			
AA941	1	1	Klebsiella	ColRNAI_rep_cluster_1857		AMINOGLYCOSIDE,AMINOGLYCOSIDE/QUINOLONE,BETA-LACTAM,CEPHALOSPORIN,DIAMINOPYRIMIDINE,FLUOROQUINOLONE,MACROLIDE,MONOBACTAM,PENAM,PENEM,PHENICOL,QUINOLONE,SULFONAMIDE,TRIMETHOPRIM	AAC
AA038	1	1	Klebsiella	IncX3	MPF_T	AMINOGLYCOSIDE,AMINOGLYCOSIDE/QUINOLONE,BETA-LACTAM,BLEOMYCIN,CARBAPENEM,CEPHALOSPORIN,CEPHAMYCIN,COLISTIN,DIAMINOPYRIMIDINE,FLUOROQUINOLONE,GLYCOPEPTIDE,GLYCYLCYCLINE,LINCOSAMIDE,MACROLIDE,MACROLIDE/STREPTOGRAMIN,MONOBACTAM,NITROFURAN,PENAM,PENEM,PHENICOL,QUINOLONE,RIFAMYCIN,STREPTOGRAMIN,SULFONAMIDE,TETRACYCLINE,TRIMETHOPRIM	BLANDM
AA018	1	1	Klebsiella	IncFIB	MPF_F	AMINOGLYCOSIDE,AMINOGLYCOSIDE/QUINOLONE,BETA-LACTAM,BLEOMYCIN,CARBAPENEM,CEPHALOSPORIN,COLISTIN,DIAMINOPYRIMIDINE,FLUOROQUINOLONE,GLYCOPEPTIDE,MACROLIDE,MONOBACTAM,PENAM,PENEM,PEPTIDE,PHENICOL,QUINOLONE,RIFAMYCIN,SULFONAMIDE,TETRACYCLINE,TRIMETHOPRIM	BLATEM
AD264	0	0	Enterococcus	rep_cluster_183			
AC726	0	0	Enterococcus	rep_cluster_893	MPF_T	AMINOGLYCOSIDE,LINCOSAMIDE,LINCOSAMIDE/MACROLIDE/STREPTOGRAMIN,LINCOSAMIDE/STREPTOGRAMIN,MACROLIDE,NUCLEOSIDE,OXAZOLIDINONE,PHENICOL,PHENICOL/OXAZOLIDINONE,PLEUROMUTILIN,STREPTOGRAMIN,STREPTOGRAMIN A,STREPTOGRAMIN B,STREPTOTHRICIN	TCRB
AG445	1	1	Ralstonia	rep_cluster_46		FLUOROQUINOLONE,TETRACYCLINE	ADEF
AA237	1	1	Pseudomonas	rep_cluster_283	MPF_T		
AC558	0	0	Lacticaseibacillus	rep_cluster_731			
AC556	0	0	Lacticaseibacillus	rep_cluster_196			
AC553	0	0	Lacticaseibacillus	rep_cluster_197			
AC562	0	0	Lacticaseibacillus	rep_cluster_850		AMINOGLYCOSIDE	APH
AA274	1	1	Klebsiella	IncFIB	MPF_F	AMINOGLYCOSIDE,AMINOGLYCOSIDE/QUINOLONE,BETA-LACTAM,BLEOMYCIN,CARBAPENEM,CEPHALOSPORIN,CEPHAMYCIN,COLISTIN,DIAMINOPYRIMIDINE,FLUOROQUINOLONE,GLYCOPEPTIDE,MACROLIDE,MACROLIDE/STREPTOGRAMIN,MONOBACTAM,PENAM,PENEM,PHENICOL,QUINOLONE,RIFAMYCIN,STREPTOGRAMIN,SULFONAMIDE,TETRACYCLINE,TRIMETHOPRIM	SILC
AC117	0	0	Bacillus	rep_cluster_1836			
AA570	0	0	Bacillus				
AE560	0	0	Bacillus				
AD594	0	0	Bacillus	rep_cluster_1850			
AF253	0	0	Bacillus	rep_cluster_1396			
AE213	0	0	Bacillus	rep_cluster_459	MPF_T		
AE318	0	0	Bacillus	rep_cluster_1912	MPF_T		
AE052	0	0	Bacillus	rep_cluster_1912	MPF_T	GLYCOPEPTIDE,PHOSPHONIC ACID	VANYGENE
AE049	1	1	Bacillus	rep_cluster_1912	MPF_T	CEPHALOSPORIN,GLYCOPEPTIDE,PENEM	BCIII
AC056	0	0	Bacillus	Inc13			
AF610	0	0	Bacillus	rep_cluster_1912	MPF_T	BETA-LACTAM,CEPHALOSPORIN,PENEM	BCIII
AA788	0	0	Bacillus	rep_cluster_125	MPF_T		
AD034	1	1	Bacillus	rep_cluster_1721	MPF_T		
AD763	1	1	Bacillus	rep_cluster_1698			
AD621	0	0	Bacillus				
AA567	0	0	Bacillus	rep_cluster_1895			
AB152	1	1	Haloferax	rep_cluster_592	MPF_T		
AH479	0	0	Arthrobacter				
AG152	0	0	Arthrobacter	rep_cluster_1547	MPF_T		
AF771	0	0	Haloarcula				
AG653	0	0	Haloarcula		MPF_T		
AE134	1	1	Geobacillus	rep_cluster_349		AMINOGLYCOSIDE	APH
AH216	0	0	Octadecabacter	rep_cluster_615			
AB304	0	0	Companilactobacillus	rep_cluster_1267		LINCOSAMIDE,LINCOSAMIDE/MACROLIDE/STREPTOGRAMIN,MACROLIDE,STREPTOGRAMIN,STREPTOGRAMIN A,STREPTOGRAMIN B,TETRACYCLINE	TET
AB672	1	1	Bacillus	rep_cluster_125	MPF_T	CEPHALOSPORIN,GLYCOPEPTIDE,PENEM,TETRACYCLINE	VANYGENE
AF249	0	0	Bacillus	rep_cluster_1436			
AA680	0	0	Bacillus				
AB136	1	1	Leuconostoc	rep_cluster_1503			
AA457	1	1	Klebsiella	IncFIB	MPF_F	AMINOGLYCOSIDE,BETA-LACTAM,MACROLIDE,PHENICOL,SULFONAMIDE,TRIMETHOPRIM	HSP
AC716	1	1	Acinetobacter	rep_cluster_1254	MPF_I	AMINOGLYCOSIDE,BETA-LACTAM,BLEOMYCIN,CARBAPENEM,MACROLIDE,MACROLIDE/STREPTOGRAMIN,PENAM,PHENICOL,RIFAMYCIN,STREPTOGRAMIN,SULFONAMIDE,TETRACYCLINE,TRIMETHOPRIM	APH
AF449	1	1	Sinorhizobium	rep_cluster_593	MPF_T	FLUOROQUINOLONE,TETRACYCLINE	ADEF
AA609	1	1	Sinorhizobium	rep_cluster_77	MPF_T	AMINOGLYCOSIDE,FLUOROQUINOLONE,OXAZOLIDINONE,PHENICOL,TETRACYCLINE	ADEF
AA614	1	1	Sinorhizobium	rep_cluster_492	MPF_T	AMINOGLYCOSIDE,FLUOROQUINOLONE,OXAZOLIDINONE,PHENICOL,TETRACYCLINE	ADEF
AA694	1	1	Leptospira	rep_cluster_216			
AA304	1	1	Escherichia	IncFIA	MPF_F	AMINOGLYCOSIDE,BETA-LACTAM,BLEOMYCIN,QUINOLONE,SULFONAMIDE,TETRACYCLINE,TRIMETHOPRIM	AADA
AF441	0	0	Bacillus				
AG003	0	0	Leuconostoc	rep_cluster_1953			
AC635	0	0	Sphingomonas		MPF_T	LINCOSAMIDE	LMRC
AD950	0	0	Sphingomonas	rep_cluster_694			
AD347	0	0	Sphingomonas	rep_cluster_647	MPF_T		
AD949	0	0	Sphingomonas	rep_cluster_1170			
AB292	0	0	Sphingomonas	rep_cluster_1455			
AH008	0	0	Marinovum	rep_cluster_1673			
AE448	0	0	Marinovum	rep_cluster_252			
AD355	0	0	Marinovum				
AC886	0	0	Marinovum	rep_cluster_361			
AA291	0	0	Marinovum	rep_cluster_579	MPF_T		
AE982	1	1	Marinovum			FLUOROQUINOLONE,TETRACYCLINE	ADEF
AG283	0	0	Marinovum	rep_cluster_547			
AC324	0	0	Marinovum	rep_cluster_548			
AB854	1	1	Marinovum	rep_cluster_558	MPF_T		
AC490	0	0	Companilactobacillus	rep_cluster_707	MPF_T		
AD494	1	1	Xanthomonas	rep_cluster_156	MPF_T		
AC468	0	0	Limosilactobacillus	rep_cluster_707	MPF_T	AMINOGLYCOSIDE,FLUOROQUINOLONE,PENAM,TETRACYCLINE	MDEA
AF676	0	0	Clostridium				
AC222	1	1	Streptomyces	rep_cluster_43		AMINOCOUMARIN,AMINOGLYCOSIDE	CPXA
AH402	0	0	Streptomyces				
AA176	1	1	Escherichia	IncFIB	MPF_F	AMINOGLYCOSIDE,AMINOGLYCOSIDE/QUINOLONE,BETA-LACTAM,BLEOMYCIN,CEPHALOSPORIN,DIAMINOPYRIMIDINE,FLUOROQUINOLONE,FOSFOMYCIN,GLYCOPEPTIDE,GLYCYLCYCLINE,MACROLIDE,MONOBACTAM,NITROFURAN,PENAM,PENEM,PHENICOL,PHENICOL/QUINOLONE,QUINOLONE,RIFAMYCIN,SULFONAMIDE,TETRACYCLINE,TRIMETHOPRIM	APH
AA579	1	1	Escherichia	rep_cluster_1778	MPF_F	BETA-LACTAM,CEPHALOSPORIN	CTXM
AA667	1	1	Escherichia	rep_cluster_2350		AMINOGLYCOSIDE,BETA-LACTAM,CEPHALOSPORIN,MACROLIDE,MONOBACTAM,PENAM,PENEM	BLATEM
AB114	1	1	Acinetobacter	rep_cluster_718		BETA-LACTAM,MACROLIDE,MACROLIDE/STREPTOGRAMIN,PHENICOL,STREPTOGRAMIN,SULFONAMIDE,TETRACYCLINE	SUL
AA410	1	1	Staphylococcus	rep_cluster_1017			MCO
AB595	1	1	Escherichia	rep_cluster_2335	MPF_T	AMINOGLYCOSIDE,BETA-LACTAM,CEPHALOSPORIN,EFFLUX,NUCLEOSIDE,PENAM,STREPTOTHRICIN,SULFONAMIDE,TETRACYCLINE,TRIMETHOPRIM	APH
AA525	1	1	Salmonella	ColRNAI_rep_cluster_1987		AMINOGLYCOSIDE,AMINOGLYCOSIDE/QUINOLONE	AAC
AB072	1	1	Escherichia	rep_cluster_2358			
AA842	1	1	Staphylococcus	rep_cluster_1017		AMINOGLYCOSIDE,BETA-LACTAM,NUCLEOSIDE,PENAM,STREPTOTHRICIN	CADD
AD261	0	0	Lactococcus	rep_cluster_2011			
AC720	0	0	Lactococcus	Inc18	MPF_T		QACG
AD976	0	0	Burkholderia	rep_cluster_1467	MPF_F		
AB682	0	0	Croceicoccus	rep_cluster_0	MPF_F	FLUOROQUINOLONE,TETRACYCLINE	ADEF
AB681	0	0	Croceicoccus	rep_cluster_374	MPF_F	FLUOROQUINOLONE,TETRACYCLINE	ADEF
AF108	0	0	Staphylococcus	rep_cluster_822			
AD444	1	1	Enterobacter	IncFIB	MPF_F	QUINOLONE,TETRACYCLINE	CLPK
AE974	1	1	Enterobacter	IncX5	MPF_T	AMINOGLYCOSIDE,BETA-LACTAM,CARBAPENEM,CEPHALOSPORIN,GLYCOPEPTIDE,MACROLIDE,MONOBACTAM,PENAM,PENEM,PHENICOL,SULFONAMIDE	BLAKPC
AA440	1	1	Enterobacter	IncFIA	MPF_F	AMINOGLYCOSIDE,AMINOGLYCOSIDE/QUINOLONE,BETA-LACTAM,BLEOMYCIN,COLISTIN,FLUOROQUINOLONE,FOSFOMYCIN,MACROLIDE,PEPTIDE,PHENICOL,QUINOLONE,RIFAMYCIN,SULFONAMIDE,TETRACYCLINE,TRIMETHOPRIM	MCR
AC431	1	1	Enterobacter	ColRNAI_rep_cluster_1987		AMINOGLYCOSIDE,BETA-LACTAM,CARBAPENEM,CEPHALOSPORIN,CEPHAMYCIN,PENAM,PENEM,QUINOLONE	MERE
AE233	1	1	Enterobacter	rep_cluster_2335			
AA356	1	1	Klebsiella	ColRNAI_rep_cluster_1857		AMINOGLYCOSIDE,AMINOGLYCOSIDE/QUINOLONE,BETA-LACTAM,CEPHALOSPORIN,FLUOROQUINOLONE,MACROLIDE,MACROLIDE/STREPTOGRAMIN,MONOBACTAM,PENAM,PENEM,PHENICOL,QUINOLONE,RIFAMYCIN,STREPTOGRAMIN,SULFONAMIDE,TETRACYCLINE	BLAKPC
AF030	0	0	Klebsiella	rep_cluster_711	MPF_F		
AA710	1	1	Klebsiella	IncFIC	MPF_F	BETA-LACTAM	SILA
AA515	1	1	Klebsiella	rep_cluster_2335			
AC301	0	0	Enterobacter	IncR	MPF_T	AMINOGLYCOSIDE,BETA-LACTAM,CEPHALOSPORIN,FLUOROQUINOLONE,PHENICOL,SULFONAMIDE,TETRACYCLINE	AADA
AA531	1	1	Citrobacter	ColRNAI_rep_cluster_1987			QACG
AE107	1	1	Serratia	IncFIB	MPF_F	AMINOGLYCOSIDE,AMINOGLYCOSIDE/QUINOLONE,BETA-LACTAM,BLEOMYCIN,FLUOROQUINOLONE,GLYCOPEPTIDE,MACROLIDE,QUINOLONE,RIFAMYCIN,SULFONAMIDE,TETRACYCLINE,TRIMETHOPRIM	ARSA
AA353	0	0	Serratia	IncU	MPF_T	AMINOGLYCOSIDE,BETA-LACTAM,MACROLIDE,MACROLIDE/STREPTOGRAMIN,STREPTOGRAMIN,SULFONAMIDE,TRIMETHOPRIM	AAC
AA752	1	1	Citrobacter	IncFIB	MPF_F	AMINOGLYCOSIDE,AMINOGLYCOSIDE/QUINOLONE,BETA-LACTAM,FLUOROQUINOLONE,MACROLIDE,PHENICOL,QUINOLONE,RIFAMYCIN,SULFONAMIDE,TRIMETHOPRIM	SUL
AA045	1	1	Citrobacter	IncFIB	MPF_F	AMINOGLYCOSIDE,AMINOGLYCOSIDE/QUINOLONE,BETA-LACTAM,BLEOMYCIN,CARBAPENEM,CEPHALOSPORIN,CEPHAMYCIN,FLUOROQUINOLONE,FOSFOMYCIN,GLYCOPEPTIDE,MACROLIDE,PENAM,PENEM,PHENICOL,QUINOLONE,RIFAMYCIN,SULFONAMIDE,TETRACYCLINE,TRIMETHOPRIM	AAC
AC242	0	0	Citrobacter	IncX5		MACROLIDE,MACROLIDE/STREPTOGRAMIN,STREPTOGRAMIN,TETRACYCLINE	MPHE
AB071	1	1	Citrobacter	rep_cluster_2335			
AA435	1	1	Klebsiella	IncFII	MPF_F	AMINOGLYCOSIDE,BETA-LACTAM,CARBAPENEM,CEPHALOSPORIN,PENAM,PHENICOL,SULFONAMIDE	AAC
AA123	1	1	Klebsiella	ColRNAI_rep_cluster_1987			
AB159	1	1	Klebsiella	IncN	MPF_T	AMINOGLYCOSIDE,BETA-LACTAM	BLAKPC
AB193	1	1	Klebsiella	IncR	MPF_T	AMINOGLYCOSIDE,AMINOGLYCOSIDE/QUINOLONE,BETA-LACTAM,BLEOMYCIN,CARBAPENEM,CEPHALOSPORIN,DIAMINOPYRIMIDINE,FLUOROQUINOLONE,FOSFOMYCIN,GLYCOPEPTIDE,MACROLIDE,MACROLIDE/STREPTOGRAMIN,MONOBACTAM,PENAM,PENEM,PEPTIDE,PHENICOL,QUINOLONE,RIFAMYCIN,STREPTOGRAMIN,SULFONAMIDE,TETRACYCLINE,TRIMETHOPRIM	AAC
AA114	1	1	Klebsiella	rep_cluster_2373			
AB187	1	1	Klebsiella	IncFIA	MPF_F	AMINOGLYCOSIDE,AMINOGLYCOSIDE/QUINOLONE,BETA-LACTAM,BLEOMYCIN,CARBAPENEM,CEPHALOSPORIN,DIAMINOPYRIMIDINE,FLUOROQUINOLONE,GLYCOPEPTIDE,MACROLIDE,MONOBACTAM,PENAM,PENEM,PHENICOL,PHOSPHONIC ACID,QUINOLONE,RIFAMYCIN,SULFONAMIDE,TETRACYCLINE,TRIMETHOPRIM	AAC
AB130	1	1	Citrobacter	Col(VCM04)	MPF_T	AMINOGLYCOSIDE,AMINOGLYCOSIDE/QUINOLONE,BETA-LACTAM,BLEOMYCIN,CEPHALOSPORIN,FLUOROQUINOLONE,FOSFOMYCIN,MACROLIDE,PENAM,PEPTIDE,PHENICOL,QUINOLONE,RIFAMYCIN,SULFONAMIDE,TETRACYCLINE,TRIMETHOPRIM	BRUCELLA
AB045	1	1	Klebsiella	ColRNAI_rep_cluster_1987			PEG
AB039	1	1	Citrobacter	ColRNAI_rep_cluster_1987		AMINOGLYCOSIDE	GRDA
AA536	0	0	Citrobacter	rep_cluster_2335			
AA831	1	1	Phytobacter	IncFIB	MPF_F	AMINOGLYCOSIDE,SULFONAMIDE	PCOA
AB272	1	1	Shigella	IncFIA	MPF_Unknown	FLUOROQUINOLONE,MACROLIDE,PENAM,TETRACYCLINE	CAPU
AA543	1	1	Pantoea	IncHI1B	MPF_F	AMINOGLYCOSIDE,AMINOGLYCOSIDE/QUINOLONE,BETA-LACTAM,BLEOMYCIN,COLISTIN,DIAMINOPYRIMIDINE,FLUOROQUINOLONE,FOSFOMYCIN,MACROLIDE,MACROLIDE/STREPTOGRAMIN,PEPTIDE,PHENICOL,QUINOLONE,RIFAMYCIN,STREPTOGRAMIN,SULFONAMIDE,TETRACYCLINE,TRIMETHOPRIM	AAC
AE108	0	0	Klebsiella	IncFIA	MPF_F	AMINOGLYCOSIDE,BETA-LACTAM,SULFONAMIDE	AADA
AA043	0	0	Klebsiella	IncFIB	MPF_F		MERE
AA026	1	1	Klebsiella	rep_cluster_1418	MPF_F	AMINOGLYCOSIDE,BETA-LACTAM,COLISTIN,DIAMINOPYRIMIDINE,PEPTIDE,QUINOLONE,SULFONAMIDE,TETRACYCLINE,TRIMETHOPRIM	APH
AD529	1	1	Klebsiella	rep_cluster_2350		AMINOGLYCOSIDE,AMINOGLYCOSIDE/QUINOLONE,BETA-LACTAM,CEPHALOSPORIN,FLUOROQUINOLONE,MONOBACTAM,PENAM,PENEM	AAC
AB979	1	1	Bacillus	rep_cluster_169	MPF_T	MACROLIDE,STREPTOGRAMIN	MEFF
AB999	1	1	Bacillus	rep_cluster_2006			
AD181	0	0	Bacillus				
AA656	0	0	Bacillus	rep_cluster_617			
AB427	0	0	Bacillus	rep_cluster_1721	MPF_F		
AD536	0	0	Bacillus	rep_cluster_757			
AA951	0	0	Bacillus	rep_cluster_163	MPF_T		
AA783	1	1	Bacillus	rep_cluster_125	MPF_T	CARBAPENEM,CEPHALOSPORIN,GLYCOPEPTIDE,TETRACYCLINE	VANYGENE
AB897	0	0	Streptomyces	rep_cluster_1879			
AF417	0	0	Streptomyces	rep_cluster_249			
AC654	1	1	Ligilactobacillus	rep_cluster_707		AMINOGLYCOSIDE,FLUOROQUINOLONE,PENAM,TETRACYCLINE	MDEA
AF479	1	1	Ligilactobacillus	rep_cluster_1685		AMINOGLYCOSIDE,LINCOSAMIDE,MACROLIDE	MYRA
AA673	1	1	Salmonella	rep_cluster_2350			
AD168	1	1	Shigella	rep_cluster_2335			
AA580	0	0	Salmonella	rep_cluster_1778			
AB002	1	1	Salmonella	rep_cluster_1704			
AA297	1	1	Escherichia	IncFIA	MPF_F	AMINOGLYCOSIDE,AMINOGLYCOSIDE/QUINOLONE,BETA-LACTAM,CEPHALOSPORIN,DIAMINOPYRIMIDINE,FLUOROQUINOLONE,MACROLIDE,MONOBACTAM,PENAM,PENEM,PHENICOL,SULFONAMIDE,TETRACYCLINE,TRIMETHOPRIM	SENB
AG874	0	0	Sedimenticola	rep_cluster_1764			
AH306	0	0	Calothrix				
AF744	0	0	Calothrix				
AF750	0	0	Calothrix	rep_cluster_1679			
AC309	1	1	Listeria	rep_cluster_110		AMINOGLYCOSIDE,BACITRACIN,LINCOSAMIDE,MACROLIDE,MACROLIDE/STREPTOGRAMIN,PHENICOL,TETRACYCLINE	CADC
AD116	0	0	Pseudomonas	rep_cluster_283	MPF_T		
AH166	0	0	Moraxella				
AD917	1	1	Yersinia	rep_cluster_214	MPF_F		
AF269	0	0	Escherichia	IncI-gamma/K1			
AC663	1	1	Escherichia		MPF_I		
AF268	0	0	Escherichia	IncI-gamma/K1	MPF_I	BETA-LACTAM,CEPHALOSPORIN,MONOBACTAM,PENAM,PENEM	TEM
AA736	1	1	Escherichia			CEPHALOSPORIN,MONOBACTAM,PENAM,PENEM	TEM
AE971	0	0	Escherichia	rep_cluster_2335		BETA-LACTAM,CEPHALOSPORIN,QUINOLONE	CTXM
AC025	1	1	Escherichia		MPF_I		
AA184	1	1	Escherichia	IncFIB	MPF_F	BETA-LACTAM	AGG
AA832	0	0	Cronobacter	IncFIB	MPF_F	AMINOGLYCOSIDE	SILA
AG461	0	0	Paraburkholderia		MPF_T	FLUOROQUINOLONE,TETRACYCLINE	ADEF
AB131	1	1	Citrobacter	Col(VCM04)	MPF_T	PEPTIDE	BRUCELLA
AA131	0	0	Klebsiella	ColRNAI_rep_cluster_1987			
AB054	1	1	Klebsiella	rep_cluster_2335			
AG443	0	0	Rhodococcus				
AF080	1	1	Rhodococcus	rep_cluster_1311			
AG444	0	0	Rhodococcus	rep_cluster_1605			
AC942	0	0	Agrobacterium	rep_cluster_352	MPF_T	AMINOGLYCOSIDE,BETA-LACTAM,TETRACYCLINE	APH
AH138	0	0	Pantoea	rep_cluster_1360			
AG427	0	0	Pantoea	rep_cluster_1165			
AH299	0	0	Pantoea	rep_cluster_1453			
AG426	0	0	Pantoea	rep_cluster_903			
AD645	1	1	Bradyrhizobium	rep_cluster_507	MPF_T		
AD647	0	0	Bradyrhizobium	rep_cluster_506	MPF_T	CEPHAMYCIN	CMY
AD644	1	1	Bradyrhizobium	rep_cluster_506	MPF_T	AMINOGLYCOSIDE,FLUOROQUINOLONE,MACROLIDE,PHENICOL,TETRACYCLINE	ACRD
AB685	1	1	Escherichia	Col(MG828)			
AA977	1	1	Escherichia	Col156		BETA-LACTAM	BLAOXA
AF607	1	1	Campylobacter	rep_cluster_793	MPF_T		
AF524	1	1	Acinetobacter				
AD692	0	0	Pseudomonas				
AE824	0	0	Halomonas	rep_cluster_709			
AE610	0	0	Halomonas	rep_cluster_924			
AA598	1	1	Xanthomonas	rep_cluster_429	MPF_T		
AD216	1	1	Xanthomonas	rep_cluster_704	MPF_T		
AB860	1	1	Burkholderia	rep_cluster_1449	MPF_F		
AB859	1	1	Burkholderia	rep_cluster_1467	MPF_F		
AA261	0	0	Borreliella	rep_cluster_1662			
AD255	0	0	Borreliella				
AD223	0	0	Borreliella				
AC919	0	0	Borreliella				
AA387	0	0	Borreliella				
AA759	0	0	Borreliella	rep_cluster_1945			
AA781	1	1	Borreliella				
AC638	0	0	Borreliella				
AA936	0	0	Borreliella				
AB578	0	0	Borreliella				
AC327	0	0	Burkholderia	rep_cluster_1474			
AA919	1	1	Burkholderia	IncP	MPF_T	AMINOGLYCOSIDE,BETA-LACTAM,CEPHALOSPORIN,FLUOROQUINOLONE,FOSFOMYCIN,MACROLIDE,MACROLIDE/STREPTOGRAMIN,PENAM,PHENICOL,PHOSPHONIC ACID,STREPTOGRAMIN,STREPTOGRAMIN A,SULFONAMIDE,TETRACYCLINE,TRIMETHOPRIM	MERD
AD973	0	0	Burkholderia	rep_cluster_523	MPF_F	CARBAPENEM,CEPHALOSPORIN,CEPHAMYCIN,FLUOROQUINOLONE,PENAM,PENEM,TETRACYCLINE	ADEF
AG592	0	0	Serpentinimonas				
AE704	0	0	Clavibacter	rep_cluster_966			
AB775	0	0	Clavibacter		MPF_T		
AE705	0	0	Clavibacter	rep_cluster_204			
AC320	1	1	Campylobacter	rep_cluster_475	MPF_T	AMINOGLYCOSIDE,NUCLEOSIDE,PHENICOL,PHENICOL/LINCOSAMIDE/OXAZOLIDINONE/PLEUROMUTILIN/STREPTOGRAMIN,STREPTOTHRICIN,TETRACYCLINE	TETO
AB468	1	1	Campylobacter		MPF_T		
AB966	0	0	Ralstonia	rep_cluster_1531		BETA-LACTAM,CARBAPENEM,CEPHALOSPORIN,FLUOROQUINOLONE,PENAM,TETRACYCLINE	MERA
AA664	0	0	Psychromicrobium	rep_cluster_2350		AMINOGLYCOSIDE,BETA-LACTAM,CEPHALOSPORIN,MONOBACTAM,PENAM,PENEM,PHENICOL,TETRACYCLINE	TETC
AG888	0	0	Limosilactobacillus	rep_cluster_191			
AE257	0	0	Treponema				
AG682	0	0	Paenibacillus				
AC279	0	0	Aeromonas	rep_cluster_2021			
AB981	0	0	Aeromonas	rep_cluster_1195			
AC821	1	1	Aeromonas	rep_cluster_2023			
AB766	0	0	Helicobacter	rep_cluster_137			
AA079	1	1	Acinetobacter	rep_cluster_1220	MPF_T	AMINOGLYCOSIDE,BETA-LACTAM,BLEOMYCIN,CARBAPENEM,CEPHALOSPORIN,CEPHAMYCIN,GLYCOPEPTIDE,MACROLIDE,MACROLIDE/STREPTOGRAMIN,PENAM,STREPTOGRAMIN,SULFONAMIDE	APH
AB887	0	0	Sphingobium	rep_cluster_824	MPF_T		
AB888	0	0	Sphingobium	rep_cluster_1290	MPF_T		MERR
AB889	0	0	Sphingobium	rep_cluster_736	MPF_T	GLYCOPEPTIDE	VANRGENE
AB593	1	1	Sphingobium			GLYCOPEPTIDE	VANRGENE
AC500	0	0	Campylobacter	rep_cluster_851			
AC319	1	1	Campylobacter	rep_cluster_1853	MPF_T		
AA357	0	0	Klebsiella	IncFII	MPF_F	AMINOGLYCOSIDE,BETA-LACTAM,CEPHALOSPORIN,MONOBACTAM,PENAM,PENEM,SULFONAMIDE,TRIMETHOPRIM	APH
AF609	1	1	Bacillus	rep_cluster_125	MPF_T	BETA-LACTAM,CARBAPENEM,CEPHALOSPORIN,FOSFOMYCIN,GLYCOPEPTIDE,MACROLIDE,PENEM,PHOSPHONIC ACID,TETRACYCLINE	VANYGENE
AE684	0	0	Francisella	rep_cluster_1355			
AF556	0	0	Hymenobacter	rep_cluster_1105			
AE793	1	1	Hymenobacter				
AE792	0	0	Hymenobacter	rep_cluster_1231			
AA473	1	1	Salmonella	IncI-gamma/K1	MPF_I	AMINOGLYCOSIDE,AMINOGLYCOSIDE/QUINOLONE,BETA-LACTAM,BLEOMYCIN,CEPHALOSPORIN,DIAMINOPYRIMIDINE,FLUOROQUINOLONE,FOSFOMYCIN,GLYCOPEPTIDE,LINCOSAMIDE,LINCOSAMIDE/MACROLIDE,LINCOSAMIDE/MACROLIDE/STREPTOGRAMIN,MACROLIDE,PHENICOL,QUINOLONE,RIFAMYCIN,STREPTOGRAMIN,STREPTOGRAMIN A,STREPTOGRAMIN B,SULFONAMIDE,TETRACYCLINE,TRIMETHOPRIM	APH
AF152	0	0	Pseudomonas	rep_cluster_429	MPF_T		
AE599	0	0	Pseudomonas	rep_cluster_428	MPF_T	AMINOGLYCOSIDE,BETA-LACTAM,SULFONAMIDE	AAC
AB056	1	1	Salmonella	rep_cluster_2358			
AA171	1	1	Escherichia	IncFIA	MPF_F	AMINOGLYCOSIDE,AMINOGLYCOSIDE/QUINOLONE,BETA-LACTAM,BLEOMYCIN,CARBAPENEM,CEPHALOSPORIN,DIAMINOPYRIMIDINE,FLUOROQUINOLONE,GLYCOPEPTIDE,LINCOSAMIDE,LINCOSAMIDE/MACROLIDE/STREPTOGRAMIN,MACROLIDE,MONOBACTAM,NUCLEOSIDE,PENAM,PENEM,PHENICOL,QUINOLONE,STREPTOGRAMIN,STREPTOGRAMIN A,STREPTOGRAMIN B,SULFONAMIDE,TETRACYCLINE,TRIMETHOPRIM	APH
AA619	1	1	Salmonella	IncX4	MPF_T	AMINOGLYCOSIDE,AMINOGLYCOSIDE/QUINOLONE,BETA-LACTAM,BLEOMYCIN,CEPHALOSPORIN,CEPHAMYCIN,COLISTIN,FLUOROQUINOLONE,FOSFOMYCIN,LINCOSAMIDE,LINCOSAMIDE/MACROLIDE/STREPTOGRAMIN,MACROLIDE,MONOBACTAM,NUCLEOSIDE,OXAZOLIDINONE,PENAM,PENEM,PEPTIDE,PHENICOL,PHENICOL/LINCOSAMIDE/OXAZOLIDINONE/PLEUROMUTILIN/STREPTOGRAMIN,PLEUROMUTILIN,QUINOLONE,STREPTOGRAMIN,STREPTOGRAMIN A,STREPTOGRAMIN B,STREPTOTHRICIN,SULFONAMIDE,TETRACYCLINE,TRIMETHOPRIM	MCR
AB687	1	1	Escherichia	Col(MG828)			
AE635	0	0	Sphingomonas	rep_cluster_1131			
AB702	1	1	Acinetobacter			AMINOGLYCOSIDE	ANT
AB337	1	1	Acinetobacter	rep_cluster_1254		BETA-LACTAM	BLAOXA
AA865	0	0	Buchnera	rep_cluster_1374			
AF586	0	0	Corynebacterium				
AG841	0	0	Hymenobacter				
AH121	0	0	Hymenobacter	rep_cluster_1104			
AB015	0	0	Hymenobacter	rep_cluster_1231			
AC345	0	0	Ligilactobacillus	rep_cluster_530		LINCOSAMIDE,LINCOSAMIDE/MACROLIDE/STREPTOGRAMIN,MACROLIDE,PHENICOL,STREPTOGRAMIN,STREPTOGRAMIN A,STREPTOGRAMIN B,TETRACYCLINE	TETM
AF075	0	0	Ligilactobacillus				
AH178	0	0	Ligilactobacillus				
AG972	0	0	Lacticaseibacillus	rep_cluster_1058			
AC566	0	0	Lacticaseibacillus	rep_cluster_833	MPF_T		
AC563	0	0	Lacticaseibacillus			AMINOGLYCOSIDE	APH
AC154	1	1	Lacticaseibacillus	rep_cluster_1739			
AB319	1	1	Bacillus	rep_cluster_1454			
AC129	1	1	Klebsiella	rep_cluster_1195		BETA-LACTAM,CARBAPENEM,MACROLIDE,PENAM	BLAOXA
AD818	1	1	Streptomyces	rep_cluster_1921			QACJ
AD406	0	0	Bacillus	rep_cluster_459			
AE050	1	1	Bacillus	rep_cluster_1912	MPF_T	CEPHALOSPORIN,FOSFOMYCIN,GLYCOPEPTIDE,PENEM,PHOSPHONIC ACID	FOSB
AF686	1	1	Bacillus			GLYCOPEPTIDE	VANYGENE
AE427	1	1	Bacillus	rep_cluster_1980			
AD182	1	1	Bacillus				
AD593	1	1	Bacillus	rep_cluster_1850			
AC113	1	1	Bacillus				
AB675	0	0	Bacillus	rep_cluster_125	MPF_T	CEPHALOSPORIN,GLYCOPEPTIDE,PENEM	VANYGENE
AC347	1	1	Bacillus	rep_cluster_163	MPF_T		
AF251	0	0	Bacillus	rep_cluster_1698			
AB865	0	0	Burkholderia	rep_cluster_1398	MPF_T		
AD328	0	0	Burkholderia	rep_cluster_215	MPF_T	FLUOROQUINOLONE,TETRACYCLINE	MERB
AG433	0	0	Streptantibioticus	rep_cluster_1915		TETRACYCLINE	STREPTOM
AE015	1	1	Campylobacter	rep_cluster_1502	MPF_T		
AC647	0	0	Vibrio	rep_cluster_564		FLUOROQUINOLONE,QUINOLONE,TETRACYCLINE	QNRS
AH311	0	0	Vibrio				
AA660	0	0	Bacillus	rep_cluster_617			
AD369	0	0	Bacillus	rep_cluster_814			
AC680	0	0	Bacillus	rep_cluster_1721			
AD370	0	0	Bacillus	rep_cluster_814			
AA661	1	1	Bacillus	rep_cluster_617			
AF086	0	0	Bacillus	rep_cluster_1434			
AC907	0	0	Pseudomonas	rep_cluster_2238	MPF_T	AMINOGLYCOSIDE,BETA-LACTAM,MACROLIDE,PHENICOL,RIFAMYCIN,SULFONAMIDE,TETRACYCLINE	SUL
AF571	1	1	Klebsiella	IncFIA	MPF_T	AMINOGLYCOSIDE,BETA-LACTAM,PHENICOL,QUINOLONE,SULFONAMIDE,TRIMETHOPRIM	AAC
AA050	1	1	Klebsiella	IncR	MPF_T	AMINOGLYCOSIDE,AMINOGLYCOSIDE/QUINOLONE,BETA-LACTAM,COLISTIN,FLUOROQUINOLONE,PEPTIDE,PHENICOL,PHOSPHONIC ACID,SULFONAMIDE,TRIMETHOPRIM	MCR
AC623	1	1	Xylella	rep_cluster_1443	MPF_T		
AD726	0	0	Serratia	IncI1	MPF_F	BETA-LACTAM	BLACTXM
AA850	0	0	Staphylococcus	rep_cluster_1017		AMINOGLYCOSIDE,DIAMINOPYRIMIDINE,TRIMETHOPRIM	AAC
AD616	0	0	Francisella	rep_cluster_168			
AD985	0	0	Yersinia	IncFII			
AF187	0	0	Corynebacterium	rep_cluster_1240			
AG207	0	0	Corynebacterium	rep_cluster_143		LINCOSAMIDE,LINCOSAMIDE/MACROLIDE/STREPTOGRAMIN,MACROLIDE,STREPTOGRAMIN,STREPTOGRAMIN B	ERM
AD358	0	0	Francisella	rep_cluster_961		TETRACYCLINE	TETC
AE685	0	0	Francisella	Inc13			
AD357	0	0	Francisella	rep_cluster_1050			
AB871	0	0	Francisella	rep_cluster_1394			
AE686	0	0	Francisella	Inc13			
AC350	0	0	Bacillus	rep_cluster_163	MPF_T		
AE568	0	0	Bacillus	rep_cluster_170	MPF_T		
AF250	1	1	Bacillus	rep_cluster_1396			MERB
AF255	0	0	Bacillus	rep_cluster_845			
AA798	0	0	Bacillus	rep_cluster_125	MPF_T		CAPC
AB428	0	0	Bacillus	rep_cluster_1767	MPF_F		
AC228	1	1	Bacillus	rep_cluster_1951			
AD603	0	0	Bacillus	rep_cluster_1821			
AB258	1	1	Bacillus	rep_cluster_1830			
AB673	0	0	Bacillus	rep_cluster_164			
AE319	0	0	Bacillus	rep_cluster_1520			ARSN
AC586	1	1	Bacillus	rep_cluster_1925			QACH
AE871	0	0	Vibrio	rep_cluster_986			
AH493	0	0	Vibrio	rep_cluster_1501	MPF_F		
AB601	0	0	Vibrio		MPF_F	AMINOGLYCOSIDE,SULFONAMIDE	APH
AH390	1	1	Vibrio	rep_cluster_419	MPF_F	TETRACYCLINE	TETB
AC352	1	1	Priestia	rep_cluster_385			
AD244	0	0	Priestia	rep_cluster_385		MACROLIDE,PHOSPHONIC ACID,STREPTOGRAMIN	MSRI
AC676	1	1	Priestia				
AF865	0	0	Priestia	rep_cluster_1201			
AF111	0	0	Priestia	rep_cluster_2005			
AF034	1	1	Priestia	rep_cluster_385			
AD590	1	1	Bacillus	rep_cluster_1836			
AC532	0	0	Streptomyces	rep_cluster_194			
AA082	0	0	Bacillus	rep_cluster_415			
AG628	0	0	Bacillus				
AG838	0	0	Lactobacillus				
AH220	0	0	Corynebacterium				
AA563	1	1	Peptoclostridium	rep_cluster_1017		LINCOSAMIDE,MACROLIDE	LNUA
AG953	0	0	Corynebacterium				
AA774	0	0	Corynebacterium				
AH071	0	0	Terribacillus				
AF503	0	0	Novosphingobium	rep_cluster_545		FLUOROQUINOLONE,TETRACYCLINE	ADEF
AG224	0	0	Novosphingobium	rep_cluster_543	MPF_F		
AG533	0	0	Novosphingobium	rep_cluster_545	MPF_T	FLUOROQUINOLONE,TETRACYCLINE	ADEF
AA062	0	0	Chlamydia	rep_cluster_289			
AB674	0	0	Bacillus	rep_cluster_164		GLYCOPEPTIDE	BPSA
AD539	0	0	Bacillus	rep_cluster_1698			
AD578	1	1	Rhizobium	rep_cluster_685	MPF_T		
AC690	1	1	Rhizobium	rep_cluster_841	MPF_T	CEPHALOSPORIN,FLUOROQUINOLONE,GLYCOPEPTIDE,GLYCYLCYCLINE,PENAM,PHENICOL,RIFAMYCIN,TETRACYCLINE	ADEF
AC095	1	1	Rhizobium	rep_cluster_512	MPF_T	AMINOGLYCOSIDE,GLYCOPEPTIDE	RMTH
AE055	0	0	Sphingomonas	rep_cluster_1319			
AH174	0	0	Sphingomonas	rep_cluster_1131		FLUOROQUINOLONE,TETRACYCLINE	ADEF
AC839	0	0	Neorhizobium	rep_cluster_471	MPF_T		
AC229	0	0	Rubrobacter	rep_cluster_254			
AD463	0	0	Rubrobacter	rep_cluster_232			
AC230	0	0	Rubrobacter	rep_cluster_201			
AG695	0	0	Dermacoccus				
AC269	0	0	Aeromonas	rep_cluster_2037			
AD033	0	0	Streptomyces	rep_cluster_266			
AB442	1	1	Escherichia	rep_cluster_2350			
AC462	0	0	Paucilactobacillus	rep_cluster_707	MPF_T		
AC543	0	0	Paucilactobacillus	rep_cluster_1058			CLPL
AF747	1	1	Serratia	IncP		AMINOGLYCOSIDE,BETA-LACTAM,CEPHALOSPORIN,DIAMINOPYRIMIDINE,MACROLIDE,MACROLIDE/STREPTOGRAMIN,PENAM,PHENICOL,STREPTOGRAMIN,SULFONAMIDE,TRIMETHOPRIM	APH
AG206	0	0	Corynebacterium				
AG873	0	0	Virgibacillus				
AG850	0	0	Virgibacillus				
AH410	0	0	Geoalkalibacter				
AD092	0	0	Edwardsiella	rep_cluster_2327		AMINOGLYCOSIDE,PHENICOL	CATA
AA593	0	0	Edwardsiella	IncC	MPF_F	AMINOGLYCOSIDE,PHENICOL,SULFONAMIDE,TETRACYCLINE	ARSD
AC691	1	1	Rhizobium	rep_cluster_841	MPF_T		
AD299	0	0	Lactococcus	rep_cluster_2422			
AC694	1	1	Rhizobium	rep_cluster_841	MPF_T	FLUOROQUINOLONE,TETRACYCLINE	ADEF
AE539	0	0	Rhizobium	rep_cluster_287	MPF_T		
AD890	0	0	Rhizobium	rep_cluster_471	MPF_T		
AA707	0	0	Staphylococcus	rep_cluster_1110		GLYCOPEPTIDE	ARSB
AD930	0	0	Azospirillum	rep_cluster_1806			
AG108	0	0	Azospirillum	rep_cluster_252		CEPHALOSPORIN,FLUOROQUINOLONE,GLYCYLCYCLINE,PENAM,PHENICOL,RIFAMYCIN,TETRACYCLINE	PSEUDOMO
AD688	0	0	Stutzerimonas	rep_cluster_1516		EFFLUX	TBTA
AD931	1	1	Azospirillum	rep_cluster_771		FLUOROQUINOLONE,TETRACYCLINE	ADEF
AF225	1	1	Azospirillum	rep_cluster_1067		AMINOGLYCOSIDE,BETA-LACTAM,CEPHALOSPORIN,FLUOROQUINOLONE,GLYCOPEPTIDE,GLYCYLCYCLINE,PENAM,PHENICOL,RIFAMYCIN,TETRACYCLINE	VANTGENE
AF224	1	1	Azospirillum	rep_cluster_622	MPF_T	FLUOROQUINOLONE,TETRACYCLINE	ADEF
AD946	0	0	Amycolatopsis				
AA295	1	1	Escherichia	IncFIB	MPF_F	AMINOGLYCOSIDE,BETA-LACTAM,CEPHALOSPORIN,DIAMINOPYRIMIDINE,MACROLIDE,PEPTIDE,QUINOLONE,RIFAMYCIN,SULFONAMIDE,TETRACYCLINE,TRIMETHOPRIM	ETPD
AA346	1	1	Escherichia	IncFIB	MPF_Unknown	AMINOGLYCOSIDE,BETA-LACTAM,SULFONAMIDE,TRIMETHOPRIM	EHXA
AB525	0	0	Campylobacter	rep_cluster_793			
AA345	1	1	Escherichia	IncFIA	MPF_F	AMINOGLYCOSIDE	EHXA
AB709	1	1	Escherichia	IncX1	MPF_T	BETA-LACTAM,CEPHALOSPORIN,MONOBACTAM,PENAM,PENEM	TEM
AC621	1	1	Escherichia				
AH420	0	0	Collimonas	rep_cluster_1928			
AB745	1	1	Escherichia	IncX4	MPF_T		HLYAALPH
AA174	1	1	Salmonella	IncFIA	MPF_F	AMINOGLYCOSIDE,AMINOGLYCOSIDE/QUINOLONE,BETA-LACTAM,CEPHALOSPORIN,DIAMINOPYRIMIDINE,FLUOROQUINOLONE,FOSFOMYCIN,LINCOSAMIDE,LINCOSAMIDE/MACROLIDE/STREPTOGRAMIN,MACROLIDE,MONOBACTAM,PENAM,PENEM,PHENICOL,QUINOLONE,STREPTOGRAMIN,STREPTOGRAMIN A,STREPTOGRAMIN B,SULFONAMIDE,TETRACYCLINE,TRIMETHOPRIM	MPHA
AC105	1	1	Bacillus	Col(SD853)			
AB148	1	1	Vibrio	rep_cluster_1317	MPF_F	PHOSPHONIC ACID	ACINETOB
AB779	0	0	Zymomonas				
AA275	1	1	Klebsiella	IncFIB	MPF_F	AMINOGLYCOSIDE,AMINOGLYCOSIDE/QUINOLONE,BETA-LACTAM,BLEOMYCIN,CARBAPENEM,CEPHALOSPORIN,DIAMINOPYRIMIDINE,EFFLUX,FLUOROQUINOLONE,FOSFOMYCIN,GLYCOPEPTIDE,MACROLIDE,MONOBACTAM,PENAM,PENEM,PEPTIDE,PHENICOL,QUINOLONE,RIFAMYCIN,SULFONAMIDE,TETRACYCLINE,TRIMETHOPRIM	MPHA
AA040	0	0	Klebsiella	IncU	MPF_T	AMINOGLYCOSIDE,BETA-LACTAM,NUCLEOSIDE,PHENICOL,STREPTOTHRICIN,SULFONAMIDE,TRIMETHOPRIM	SAT
AD465	1	1	Klebsiella				
AA103	1	1	Klebsiella	ColRNAI_rep_cluster_1987			
AA434	1	1	Klebsiella	IncFII	MPF_F	AMINOGLYCOSIDE,BETA-LACTAM,CEPHALOSPORIN,FLUOROQUINOLONE,MONOBACTAM,PENAM,PENEM,SULFONAMIDE,TRIMETHOPRIM	TEM
AD548	0	0	Klebsiella	rep_cluster_1418	MPF_F	AMINOGLYCOSIDE,BETA-LACTAM	BLAKPC
AC125	1	1	Klebsiella	IncFIB	MPF_F	AMINOGLYCOSIDE,BETA-LACTAM,BLEOMYCIN,GLYCOPEPTIDE,MACROLIDE,PENAM,PHENICOL,QUINOLONE,RIFAMYCIN,SULFONAMIDE,TETRACYCLINE,TRIMETHOPRIM	AAC
AA276	1	1	Klebsiella	IncFIB	MPF_F	AMINOGLYCOSIDE,AMINOGLYCOSIDE/QUINOLONE,BETA-LACTAM,BLEOMYCIN,CEPHALOSPORIN,DIAMINOPYRIMIDINE,FLUOROQUINOLONE,GLYCOPEPTIDE,MACROLIDE,MONOBACTAM,PENAM,PENEM,PHENICOL,QUINOLONE,RIFAMYCIN,SULFONAMIDE,TETRACYCLINE,TRIMETHOPRIM	AAC
AA818	1	1	Klebsiella	IncFIB			ARSB
AA659	1	1	Bacillus	rep_cluster_268			
AA425	1	1	Enterobacter	IncFIB	MPF_F	AMINOGLYCOSIDE,BETA-LACTAM,CEPHALOSPORIN,COLISTIN,DIAMINOPYRIMIDINE,MONOBACTAM,PENAM,PENEM,QUINOLONE,SULFONAMIDE,TETRACYCLINE,TRIMETHOPRIM	YFDX
AE430	0	0	Enterobacter	rep_cluster_1756			
AB186	1	1	Enterobacter	IncFII		AMINOGLYCOSIDE,BETA-LACTAM,DIAMINOPYRIMIDINE,MACROLIDE,PHENICOL,QUINOLONE,SULFONAMIDE,TRIMETHOPRIM	APH
AB721	1	1	Staphylococcus	rep_cluster_1017			
AG312	0	0	Yersinia	IncFII	MPF_I		
AD122	0	0	Pseudomonas	rep_cluster_283	MPF_T		COPA
AC333	1	1	Staphylococcus	rep_cluster_1118		LINCOSAMIDE,LINCOSAMIDE/MACROLIDE/STREPTOGRAMIN,MACROLIDE,STREPTOGRAMIN,STREPTOGRAMIN A,STREPTOGRAMIN B,TETRACYCLINE	TETK
AB528	1	1	Enterococcus	rep_cluster_180	MPF_T	AMINOGLYCOSIDE,LINCOSAMIDE,MACROLIDE,OXAZOLIDINONE,PHENICOL,PHENICOL/LINCOSAMIDE/OXAZOLIDINONE/PLEUROMUTILIN/STREPTOGRAMIN,PHENICOL/OXAZOLIDINONE,PLEUROMUTILIN,STREPTOGRAMIN,STREPTOGRAMIN A,STREPTOGRAMIN B,TETRACYCLINE	FEXA
AE310	0	0	Enterococcus	rep_cluster_992		AMINOGLYCOSIDE,DIAMINOPYRIMIDINE,LINCOSAMIDE,LINCOSAMIDE/MACROLIDE/STREPTOGRAMIN,MACROLIDE,PHENICOL,STREPTOGRAMIN,STREPTOGRAMIN A,STREPTOGRAMIN B,TRIMETHOPRIM	ARSA
AE109	1	1	Klebsiella	IncFII	MPF_F	BETA-LACTAM	NCRA
AA828	1	1	Klebsiella	IncFIB	MPF_F		PCOB
AB413	1	1	Acinetobacter	rep_cluster_639			HDEDGI
AA279	1	1	Escherichia	IncK2/Z	MPF_I	AMINOGLYCOSIDE,BETA-LACTAM,MACROLIDE,PHENICOL,SULFONAMIDE,TETRACYCLINE,TRIMETHOPRIM	APH
AF908	1	1	Pectobacterium	rep_cluster_1304		BETA-LACTAM	BLATEM
AF809	1	1	Pseudomonas	rep_cluster_1115	MPF_I	AMINOCOUMARIN,AMINOGLYCOSIDE,AMINOGLYCOSIDE/QUINOLONE,BETA-LACTAM,BLEOMYCIN,CARBAPENEM,CEPHALOSPORIN,CEPHAMYCIN,DIAMINOPYRIMIDINE,EFFLUX,FLUOROQUINOLONE,GLYCOPEPTIDE,MACROLIDE,MACROLIDE/STREPTOGRAMIN,MONOBACTAM,PENAM,PENEM,PHENICOL,PHOSPHONIC ACID,QUINOLONE,RIFAMYCIN,STREPTOGRAMIN,SULFONAMIDE,TETRACYCLINE,TRIMETHOPRIM	AAC
AD970	0	0	Paenibacillus	rep_cluster_2425		GLYCOPEPTIDE	VANTGENE
AH458	0	0	Paenibacillus				
AB161	1	1	Escherichia	IncN	MPF_T	AMINOGLYCOSIDE,AMINOGLYCOSIDE/QUINOLONE,BETA-LACTAM,BLEOMYCIN,CARBAPENEM,CEPHALOSPORIN,CEPHAMYCIN,DIAMINOPYRIMIDINE,EFFLUX,FLUOROQUINOLONE,GLYCYLCYCLINE,MACROLIDE,MONOBACTAM,NUCLEOSIDE,PENAM,PENEM,PEPTIDE,PHENICOL,PHOSPHONIC ACID,QUINOLONE,RIFAMYCIN,SULFONAMIDE,TETRACYCLINE,TRIMETHOPRIM	AAC
AD889	0	0	Rhizobium	rep_cluster_287	MPF_T		
AH397	0	0	Clostridium	rep_cluster_630			
AG626	0	0	Sphingopyxis	rep_cluster_550			
AF085	1	1	Clostridium	rep_cluster_1536	MPF_T	NITROIMIDAZOLE	BONTB
AG773	0	0	Thalassospira				
AF672	0	0	Streptomyces	rep_cluster_1974			
AE687	0	0	Allofrancisella	Inc13			
AG390	0	0	Azotobacter			FLUOROQUINOLONE,TETRACYCLINE	ADEF
AG389	0	0	Azotobacter	rep_cluster_1301		CEPHALOSPORIN,PENAM	OXA
AG392	0	0	Azotobacter				
AB735	0	0	Azotobacter	rep_cluster_782	MPF_T		
AF353	0	0	Azotobacter	rep_cluster_1508			
AF352	0	0	Azotobacter	rep_cluster_1325			
AB338	1	1	Acinetobacter	rep_cluster_1226		AMINOGLYCOSIDE,CEPHALOSPORIN,SULFONAMIDE,TETRACYCLINE	APH
AE538	1	1	Rhizobium	rep_cluster_287	MPF_T	PHOSPHONIC ACID	FOSXCC
AD488	1	1	Klebsiella	Col3M		AMINOGLYCOSIDE,QUINOLONE	QNRD
AB583	0	0	Borreliella				
AA940	0	0	Borreliella				
AD453	0	0	Pantoea	rep_cluster_1232		AMINOGLYCOSIDE,CEPHALOSPORIN,MACROLIDE,PEPTIDE,PHOSPHONIC ACID,RIFAMYCIN,TETRACYCLINE	ARNT
AD452	1	1	Pantoea	rep_cluster_1232			
AH428	0	0	Clostridium				
AC773	0	0	Pantoea	ColE10		COLISTIN	MCR
AC890	0	0	Pantoea	rep_cluster_1392			
AA830	0	0	Pantoea	rep_cluster_1440	MPF_G		SILA
AA885	1	1	Enterobacter	rep_cluster_1804	MPF_T	BETA-LACTAM	ARSA
AC507	1	1	Aeromonas	IncQ2		AMINOGLYCOSIDE,AMINOGLYCOSIDE/QUINOLONE,BETA-LACTAM,CEPHALOSPORIN,CEPHAMYCIN,QUINOLONE,TRIMETHOPRIM	QNRS
AE773	0	0	Pseudomonas	IncP		AMINOGLYCOSIDE,BETA-LACTAM,SULFONAMIDE	BLA
AC686	1	1	Vibrio	rep_cluster_1486		PHENICOL	CATA
AA046	1	1	Klebsiella	IncFIB	MPF_F	AMINOGLYCOSIDE,BETA-LACTAM,BLEOMYCIN,CARBAPENEM,CEPHALOSPORIN,CEPHAMYCIN,GLYCOPEPTIDE,MACROLIDE,PENAM,PHENICOL,SULFONAMIDE,TETRACYCLINE	BRPMBL
AC305	1	1	Escherichia	IncX1	MPF_T	AMINOGLYCOSIDE,BETA-LACTAM,CARBAPENEM,CEPHALOSPORIN,COLISTIN,DIAMINOPYRIMIDINE,FLUOROQUINOLONE,FOSFOMYCIN,GLYCYLCYCLINE,LINCOSAMIDE,LINCOSAMIDE/MACROLIDE,MACROLIDE,MONOBACTAM,OXAZOLIDINONE,PENAM,PENEM,PHENICOL,PHENICOL/LINCOSAMIDE/OXAZOLIDINONE/PLEUROMUTILIN/STREPTOGRAMIN,PLEUROMUTILIN,QUINOLONE,RIFAMYCIN,STREPTOGRAMIN,STREPTOGRAMIN A,SULFONAMIDE,TETRACYCLINE,TRIMETHOPRIM	TETA
AC509	1	1	Escherichia	rep_cluster_2350		BETA-LACTAM,COLISTIN	MCR
AA319	1	1	Escherichia	IncFIA	MPF_F	AMINOGLYCOSIDE,BETA-LACTAM,BLEOMYCIN,CEPHALOSPORIN,DIAMINOPYRIMIDINE,LINCOSAMIDE,LINCOSAMIDE/MACROLIDE/STREPTOGRAMIN,MACROLIDE,MONOBACTAM,PENAM,PENEM,PHENICOL,QUINOLONE,STREPTOGRAMIN,STREPTOGRAMIN A,STREPTOGRAMIN B,SULFONAMIDE,TETRACYCLINE,TRIMETHOPRIM	APH
AA436	1	1	Klebsiella	IncFIB	MPF_F	AMINOGLYCOSIDE,BETA-LACTAM,CARBAPENEM,CEPHALOSPORIN,MACROLIDE,MACROLIDE/STREPTOGRAMIN,MONOBACTAM,PENAM,STREPTOGRAMIN,SULFONAMIDE,TRIMETHOPRIM	BLAKPC
AA323	1	1	Escherichia	IncFIA	MPF_F	AMINOGLYCOSIDE,AMINOGLYCOSIDE/QUINOLONE,BETA-LACTAM,BLEOMYCIN,CEPHALOSPORIN,COLISTIN,FLUOROQUINOLONE,FOSFOMYCIN,GLYCOPEPTIDE,LINCOSAMIDE,LINCOSAMIDE/MACROLIDE/STREPTOGRAMIN,MACROLIDE,MONOBACTAM,PENAM,PENEM,PEPTIDE,PHENICOL,QUINOLONE,RIFAMYCIN,STREPTOGRAMIN,STREPTOGRAMIN A,STREPTOGRAMIN B,SULFONAMIDE,TETRACYCLINE,TRIMETHOPRIM	MPHA
AA175	1	1	Escherichia	IncFIB	MPF_F	AMINOGLYCOSIDE,AMINOGLYCOSIDE/QUINOLONE,BETA-LACTAM,BLEOMYCIN,CEPHALOSPORIN,COLISTIN,DIAMINOPYRIMIDINE,FLUOROQUINOLONE,FOSFOMYCIN,GLYCOPEPTIDE,GLYCYLCYCLINE,LINCOSAMIDE,LINCOSAMIDE/MACROLIDE/STREPTOGRAMIN,MACROLIDE,MONOBACTAM,NITROFURAN,PENAM,PENEM,PHENICOL,PHENICOL/QUINOLONE,QUINOLONE,RIFAMYCIN,STREPTOGRAMIN,STREPTOGRAMIN A,STREPTOGRAMIN B,SULFONAMIDE,TETRACYCLINE,TRIMETHOPRIM	APH
AG641	0	0	Neisseria				
AB947	1	1	Neisseria	IncP		BETA-LACTAM,CEPHALOSPORIN,MONOBACTAM,PENAM,PENEM	TEM
AC601	1	1	Acinetobacter	rep_cluster_1261			
AE947	0	0	Streptococcus	rep_cluster_321			
AA089	0	0	Staphylococcus	rep_cluster_1281		LINCOSAMIDE,LINCOSAMIDE/MACROLIDE/STREPTOGRAMIN,MACROLIDE,STREPTOGRAMIN,STREPTOGRAMIN A,STREPTOGRAMIN B	ERMC
AB434	1	1	Proteus	Col3M		FLUOROQUINOLONE,QUINOLONE	QNRD
AD067	0	0	Enterobacter	rep_cluster_203		AMINOGLYCOSIDE,BETA-LACTAM	AAC
AF667	0	0	Clostridium	rep_cluster_958			
AF098	0	0	Vibrio			TETRACYCLINE	TETB
AC594	0	0	Lactococcus	rep_cluster_800			
AF437	0	0	Methylibium	rep_cluster_733			
AD560	0	0	Aeromonas	rep_cluster_1069			
AB951	1	1	Escherichia	rep_cluster_2350		AMINOGLYCOSIDE,BETA-LACTAM,BLEOMYCIN,CEPHALOSPORIN,FLUOROQUINOLONE,LINCOSAMIDE,LINCOSAMIDE/MACROLIDE/STREPTOGRAMIN,MACROLIDE,MONOBACTAM,OXAZOLIDINONE,PENAM,PENEM,PEPTIDE,PHENICOL,PLEUROMUTILIN,RIFAMYCIN,STREPTOGRAMIN,STREPTOGRAMIN A,STREPTOGRAMIN B	BLATEM
AC670	1	1	Staphylococcus	rep_cluster_1018		AMINOGLYCOSIDE,BLEOMYCIN,LINCOSAMIDE,LINCOSAMIDE/MACROLIDE/STREPTOGRAMIN,MACROLIDE,STREPTOGRAMIN,STREPTOGRAMIN A,STREPTOGRAMIN B,TETRACYCLINE,TRIMETHOPRIM	TETL
AB443	1	1	Salmonella	rep_cluster_2350			
AC409	0	0	Yersinia			AMINOGLYCOSIDE,FLUOROQUINOLONE,FOSFOMYCIN,PHOSPHONIC ACID,SULFONAMIDE	APH
AA551	1	1	Escherichia	IncN	MPF_T	AMINOGLYCOSIDE,BETA-LACTAM,BLEOMYCIN,CEPHALOSPORIN,COLISTIN,DIAMINOPYRIMIDINE,FLUOROQUINOLONE,FOSFOMYCIN,GLYCOPEPTIDE,LINCOSAMIDE,MACROLIDE,MACROLIDE/STREPTOGRAMIN,MONOBACTAM,OXAZOLIDINONE,PENAM,PENEM,PHENICOL,PHENICOL/LINCOSAMIDE/OXAZOLIDINONE/PLEUROMUTILIN/STREPTOGRAMIN,PHENICOL/QUINOLONE,PLEUROMUTILIN,QUINOLONE,RIFAMYCIN,STREPTOGRAMIN,STREPTOGRAMIN A,SULFONAMIDE,TETRACYCLINE,TRIMETHOPRIM	APH
AE604	1	1	Lactiplantibacillus	Inc13			
AB229	1	1	Escherichia	IncX1	MPF_T	AMINOGLYCOSIDE,BETA-LACTAM,BLEOMYCIN,PHENICOL,PHENICOL/QUINOLONE,SULFONAMIDE,TETRACYCLINE	BLATEM
AE622	0	0	Bacillus	Inc13			
AC628	1	1	Staphylococcus	Inc11		BETA-LACTAM,CEPHALOSPORIN,LINCOSAMIDE,LINCOSAMIDE/MACROLIDE/STREPTOGRAMIN,MACROLIDE,MONOBACTAM,PENAM,PENEM,PHENICOL,STREPTOGRAMIN,STREPTOGRAMIN A,STREPTOGRAMIN B	ERMC
AC247	1	1	Salmonella	rep_cluster_2327	MPF_T	AMINOGLYCOSIDE,BETA-LACTAM,FLUOROQUINOLONE,MACROLIDE,PENAM,PHENICOL,SULFONAMIDE,TETRACYCLINE,TRIMETHOPRIM	TETA
AH395	0	0		rep_cluster_362			
AH363	0	0		rep_cluster_212			
AA331	1	1	Escherichia	IncFIA	MPF_F		LTCA
AA183	1	1	Escherichia	IncFIB	MPF_F	AMINOGLYCOSIDE,BETA-LACTAM,DIAMINOPYRIMIDINE,SULFONAMIDE,TETRACYCLINE,TRIMETHOPRIM	LNGA
AA282	1	1	Escherichia	IncK2/Z	MPF_I	AMINOGLYCOSIDE,AMINOGLYCOSIDE/QUINOLONE,BETA-LACTAM,CEPHALOSPORIN,CEPHAMYCIN,DIAMINOPYRIMIDINE,FLUOROQUINOLONE,FOSFOMYCIN,LINCOSAMIDE,LINCOSAMIDE/MACROLIDE/STREPTOGRAMIN,MACROLIDE,MACROLIDE/STREPTOGRAMIN,MONOBACTAM,NUCLEOSIDE,PENAM,PENEM,PHENICOL,PHOSPHONIC ACID,QUINOLONE,STREPTOGRAMIN,STREPTOGRAMIN A,STREPTOGRAMIN B,STREPTOTHRICIN,SULFONAMIDE,TETRACYCLINE,TRIMETHOPRIM	SUL
AA827	1	1	Klebsiella	IncFIA	MPF_F	AMINOGLYCOSIDE,LINCOSAMIDE,PLEUROMUTILIN,STREPTOGRAMIN,STREPTOGRAMIN A,SULFONAMIDE	SILR
AE548	1	1	Burkholderia	rep_cluster_1100	MPF_T	FLUOROQUINOLONE,TETRACYCLINE	ADEF
AG800	0	0	Burkholderia		MPF_T	FLUOROQUINOLONE,TETRACYCLINE	ADEF
AC237	0	0	Acinetobacter	rep_cluster_1254		AMINOGLYCOSIDE,BETA-LACTAM,BLEOMYCIN,CEPHALOSPORIN,CEPHAMYCIN,LINCOSAMIDE,MACROLIDE,MACROLIDE/STREPTOGRAMIN,PHENICOL,RIFAMYCIN,STREPTOGRAMIN,SULFONAMIDE,TETRACYCLINE,TRIMETHOPRIM	MPHE
AA998	1	1	Salmonella	IncHI1A	MPF_F	AMINOGLYCOSIDE,AMINOGLYCOSIDE/QUINOLONE,BETA-LACTAM,BLEOMYCIN,CARBAPENEM,CEPHALOSPORIN,CEPHAMYCIN,COLISTIN,DIAMINOPYRIMIDINE,FLUOROQUINOLONE,FOSFOMYCIN,GLYCYLCYCLINE,LINCOSAMIDE,LINCOSAMIDE/MACROLIDE/STREPTOGRAMIN,MACROLIDE,MACROLIDE/STREPTOGRAMIN,MONOBACTAM,PENAM,PENEM,PEPTIDE,PHENICOL,PHENICOL/QUINOLONE,PHOSPHONIC ACID,QUINOLONE,RIFAMYCIN,STREPTOGRAMIN,STREPTOGRAMIN A,STREPTOGRAMIN B,SULFONAMIDE,TETRACYCLINE,TRIMETHOPRIM	AADA
AC978	1	1	Escherichia	IncP	MPF_T	AMINOGLYCOSIDE,AMINOGLYCOSIDE/QUINOLONE,BETA-LACTAM,BLEOMYCIN,CEPHALOSPORIN,COLISTIN,DIAMINOPYRIMIDINE,FLUOROQUINOLONE,FOSFOMYCIN,LINCOSAMIDE,MACROLIDE,MONOBACTAM,OXAZOLIDINONE,PENAM,PENEM,PEPTIDE,PHENICOL,PHENICOL/LINCOSAMIDE/OXAZOLIDINONE/PLEUROMUTILIN/STREPTOGRAMIN,PLEUROMUTILIN,RIFAMYCIN,STREPTOGRAMIN,STREPTOGRAMIN A,SULFONAMIDE,TRIMETHOPRIM	MCR
AC212	1	1	Raoultella	IncU	MPF_F	AMINOGLYCOSIDE,AMINOGLYCOSIDE/QUINOLONE,BETA-LACTAM,BLEOMYCIN,CEPHALOSPORIN,DIAMINOPYRIMIDINE,FLUOROQUINOLONE,FOSFOMYCIN,GLYCOPEPTIDE,MACROLIDE,MACROLIDE/STREPTOGRAMIN,MONOBACTAM,PENAM,PENEM,PHENICOL,QUINOLONE,RIFAMYCIN,STREPTOGRAMIN,SULFONAMIDE,TETRACYCLINE,TRIMETHOPRIM	AAC
AC751	0	0	Enterococcus	rep_cluster_570		LINCOSAMIDE,OXAZOLIDINONE,PHENICOL,PHENICOL/LINCOSAMIDE/OXAZOLIDINONE/PLEUROMUTILIN/STREPTOGRAMIN,PHENICOL/OXAZOLIDINONE,PLEUROMUTILIN,STREPTOGRAMIN,STREPTOGRAMIN A	CFR
AA011	0	0	Staphylococcus	rep_cluster_1118		AMINOGLYCOSIDE	SPD
AA363	0	0	Klebsiella	IncU	MPF_T	BETA-LACTAM,CEPHALOSPORIN,FOSFOMYCIN,MONOBACTAM,PENAM,PENEM,TETRACYCLINE	BLAKPC
AB192	1	1	Klebsiella	IncR	MPF_T	AMINOGLYCOSIDE,AMINOGLYCOSIDE/QUINOLONE,BETA-LACTAM,BLEOMYCIN,CEPHALOSPORIN,COLISTIN,DIAMINOPYRIMIDINE,FLUOROQUINOLONE,FOSFOMYCIN,GLYCOPEPTIDE,GLYCYLCYCLINE,LINCOSAMIDE,MACROLIDE,MONOBACTAM,NITROFURAN,PENAM,PENEM,PHENICOL,PHENICOL/QUINOLONE,QUINOLONE,RIFAMYCIN,STREPTOGRAMIN,SULFONAMIDE,TETRACYCLINE,TRIMETHOPRIM	APH
AE341	0	0	Listeria	rep_cluster_282	MPF_T	AMINOGLYCOSIDE,BLEOMYCIN,DIAMINOPYRIMIDINE,LINCOSAMIDE,MACROLIDE,OXAZOLIDINONE,PHENICOL,PHENICOL/LINCOSAMIDE/OXAZOLIDINONE/PLEUROMUTILIN/STREPTOGRAMIN,PLEUROMUTILIN,STREPTOGRAMIN,STREPTOGRAMIN A,STREPTOGRAMIN B,TRIMETHOPRIM	CFR
AC671	0	0	Staphylococcus	rep_cluster_1118		AMINOGLYCOSIDE,BLEOMYCIN,LINCOSAMIDE,LINCOSAMIDE/MACROLIDE/STREPTOGRAMIN,MACROLIDE,OXAZOLIDINONE,PHENICOL,PHENICOL/OXAZOLIDINONE,STREPTOGRAMIN,STREPTOGRAMIN A,STREPTOGRAMIN B,TETRACYCLINE	ERMB
AC948	1	1	Phocaeicola	rep_cluster_1079		NITROIMIDAZOLE,SULFONAMIDE	NIME
AB238	1	1	Salmonella	ColpVC			
AB111	1	1	Pyrobaculum				
AF621	0	0	Desulfosporosinus	rep_cluster_1945			
AE945	0	0	Rhizobium	rep_cluster_593	MPF_T		
AD581	0	0	Rhizobium	rep_cluster_841	MPF_T		
AG007	0	0	Streptomyces	rep_cluster_350	MPF_T	AMINOCOUMARIN,AMINOGLYCOSIDE	CPXA
AH122	0	0	Desulfurella	rep_cluster_311			
AC079	1	1	Pseudomonas	rep_cluster_428	MPF_T	AMINOGLYCOSIDE,BETA-LACTAM,CARBAPENEM,CEPHALOSPORIN,CEPHAMYCIN,PENAM,PENEM,PHENICOL,PHOSPHONIC ACID,QUINOLONE	AAC
AG507	0	0	Paenibacillus	rep_cluster_669			
AF170	0	0	Leisingera		MPF_T		
AG027	0	0	Leisingera	rep_cluster_378			
AG748	0	0	Geobacillus				
AE623	0	0	Geobacillus	Inc13			
AD600	1	1	Bacillus	rep_cluster_1832			
AD407	0	0	Bacillus	rep_cluster_920			
AF344	1	1	Mycobacterium	rep_cluster_519			
AA767	0	0	Staphylococcus	rep_cluster_1018		AMINOGLYCOSIDE,BETA-LACTAM,BLEOMYCIN,LINCOSAMIDE,LINCOSAMIDE/MACROLIDE/STREPTOGRAMIN,MACROLIDE,PENAM,PLEUROMUTILIN,STREPTOGRAMIN,STREPTOGRAMIN A,STREPTOGRAMIN B,TETRACYCLINE,TRIMETHOPRIM	VGAA
AA837	1	1	Staphylococcus	rep_cluster_1017		AMINOGLYCOSIDE,BETA-LACTAM,MACROLIDE,MACROLIDE/STREPTOGRAMIN,PENAM,STREPTOGRAMIN,STREPTOGRAMIN B	ETB
AB720	1	1	Staphylococcus	rep_cluster_1017			
AD501	0	0	Lactococcus	rep_cluster_1178			
AC677	0	0	Paenibacillus	rep_cluster_1827		TETRACYCLINE	TET
AC344	1	1	Agrobacterium		MPF_T	FLUOROQUINOLONE,TETRACYCLINE	ADEF
AE536	0	0	Glaesserella	IncP		PHENICOL,TETRACYCLINE	FLOR
AA359	0	0	Pseudomonas	IncU		AMINOGLYCOSIDE,BETA-LACTAM,CARBAPENEM,CEPHALOSPORIN,MACROLIDE,MACROLIDE/STREPTOGRAMIN,MONOBACTAM,PENAM,PENEM,QUINOLONE,STREPTOGRAMIN	BLAKPC
AC297	1	1	Achromobacter	rep_cluster_995	MPF_T	AMINOGLYCOSIDE,BETA-LACTAM,MACROLIDE,MACROLIDE/STREPTOGRAMIN,STREPTOGRAMIN,SULFONAMIDE,TRIMETHOPRIM	AAC
AC308	0	0	Listeria	rep_cluster_110		AMINOGLYCOSIDE,LINCOSAMIDE,LINCOSAMIDE/MACROLIDE/STREPTOGRAMIN,LINCOSAMIDE/STREPTOGRAMIN,MACROLIDE,PHENICOL,PLEUROMUTILIN,STREPTOGRAMIN,STREPTOGRAMIN A,STREPTOGRAMIN B,TETRACYCLINE,TRIMETHOPRIM	ERMB
AC310	0	0	Listeria	rep_cluster_2446		BACITRACIN	BCRB
AC534	0	0	Enterococcus	rep_cluster_2146			
AD910	1	1	Enterococcus	rep_cluster_889	MPF_T	AMINOGLYCOSIDE,AVILAMYCIN,GLYCOPEPTIDE,LINCOSAMIDE,LINCOSAMIDE/MACROLIDE/STREPTOGRAMIN,MACROLIDE,PHENICOL,STREPTOGRAMIN,STREPTOGRAMIN A,STREPTOGRAMIN B,TETRACYCLINE	ERMB
AB241	1	1	Salmonella	ColpVC			
AF454	1	1	Cycloclasticus	IncP	MPF_T	QUINOLONE	QNRS
AG189	1	1	Haloarcula	rep_cluster_15	MPF_T	FLUOROQUINOLONE,MUPIROCIN-LIKE	QNRC
AC836	0	0	Rhizobium	rep_cluster_287	MPF_T		
AD575	1	1	Rhizobium	rep_cluster_119	MPF_T		
AC204	0	0	Salmonella	IncFIB	MPF_F		
AF578	0	0	Salmonella	rep_cluster_1088		COLISTIN,NITROIMIDAZOLE	TERD
AC203	1	1	Salmonella	IncFII	MPF_F		
AA668	1	1	Salmonella	rep_cluster_2350			
AA859	1	1	Salmonella	IncC	MPF_F	AMINOGLYCOSIDE,BETA-LACTAM,SULFONAMIDE,TETRACYCLINE	SUL
AA409	1	1	Staphylococcus	rep_cluster_1017		AMINOGLYCOSIDE,BETA-LACTAM,DIAMINOPYRIMIDINE,FOSFOMYCIN,LINCOSAMIDE,LINCOSAMIDE/MACROLIDE/STREPTOGRAMIN,MACROLIDE,MUPIROCIN,MUPIROCIN-LIKE,PENAM,STREPTOGRAMIN,STREPTOGRAMIN A,STREPTOGRAMIN B,TRIMETHOPRIM	PC
AA698	1	1	Lactiplantibacillus	rep_cluster_2119		TETRACYCLINE	TETM
AB007	0	0	Actinobacillus	rep_cluster_1582		TETRACYCLINE	TETH
AB423	0	0	Pseudomonas	rep_cluster_2015	MPF_T		
AD495	1	1	Xanthomonas	rep_cluster_429	MPF_T		
AA601	1	1	Xanthomonas		MPF_T		
AF537	0	0	Vibrio	rep_cluster_1345		DIAMINOPYRIMIDINE,FLUOROQUINOLONE,QUINOLONE,TRIMETHOPRIM	QNRVC
AB641	0	0	Staphylococcus	rep_cluster_1230		LINCOSAMIDE,LINCOSAMIDE/MACROLIDE/STREPTOGRAMIN,MACROLIDE,STREPTOGRAMIN,STREPTOGRAMIN A,STREPTOGRAMIN B	ERMT
AC570	0	0	Lacticaseibacillus	rep_cluster_850	MPF_T	AMINOGLYCOSIDE	APH
AE643	0	0	Sinorhizobium	rep_cluster_287	MPF_T		
AB008	1	1	Psychrobacter	rep_cluster_1481		AMINOGLYCOSIDE,BETA-LACTAM,PHENICOL,TETRACYCLINE	APH
AA970	0	0	Glaesserella	rep_cluster_337		AMINOGLYCOSIDE,BETA-LACTAM,CEPHALOSPORIN,LINCOSAMIDE,MACROLIDE,PENAM,STREPTOGRAMIN,STREPTOGRAMIN A,STREPTOGRAMIN B	LNUC
AC930	0	0	Thermus				
AA074	0	0	Thermus	rep_cluster_323			
AC298	0	0	Enterobacter	ColRNAI_rep_cluster_1998		AMINOGLYCOSIDE,BETA-LACTAM,SULFONAMIDE	AADA
AE821	1	1	Staphylococcus	rep_cluster_155		AMINOGLYCOSIDE,BETA-LACTAM,GLYCOPEPTIDE,LINCOSAMIDE,LINCOSAMIDE/STREPTOGRAMIN,OXAZOLIDINONE,PENAM,PHENICOL,PHENICOL/LINCOSAMIDE/OXAZOLIDINONE/PLEUROMUTILIN/STREPTOGRAMIN,PLEUROMUTILIN,STREPTOGRAMIN,STREPTOGRAMIN A	CFR
AC120	1	1	Salmonella	IncQ1		AMINOGLYCOSIDE,AMINOGLYCOSIDE/QUINOLONE,BETA-LACTAM,CEPHAMYCIN,DIAMINOPYRIMIDINE,FLUOROQUINOLONE,GLYCYLCYCLINE,LINCOSAMIDE,LINCOSAMIDE/MACROLIDE,LINCOSAMIDE/MACROLIDE/STREPTOGRAMIN,MACROLIDE,PHENICOL,RIFAMYCIN,STREPTOGRAMIN,STREPTOGRAMIN A,STREPTOGRAMIN B,SULFONAMIDE,TETRACYCLINE,TRIMETHOPRIM	APH
AA449	1	1	Klebsiella	IncFII	MPF_F	AMINOGLYCOSIDE,AMINOGLYCOSIDE/QUINOLONE,BETA-LACTAM,BLEOMYCIN,CARBAPENEM,CEPHALOSPORIN,CEPHAMYCIN,COLISTIN,DIAMINOPYRIMIDINE,FLUOROQUINOLONE,GLYCOPEPTIDE,MACROLIDE,MACROLIDE/STREPTOGRAMIN,MONOBACTAM,PENAM,PENEM,PHENICOL,QUINOLONE,RIFAMYCIN,STREPTOGRAMIN,SULFONAMIDE,TETRACYCLINE,TRIMETHOPRIM	AAC
AE364	0	0	Octadecabacter	rep_cluster_291			
AE363	0	0	Octadecabacter	rep_cluster_804			
AA083	1	1	Staphylococcus	rep_cluster_1142	MPF_T	AMINOGLYCOSIDE,BETA-LACTAM,BLEOMYCIN,DIAMINOPYRIMIDINE,GLYCOPEPTIDE,LINCOSAMIDE,LINCOSAMIDE/MACROLIDE/STREPTOGRAMIN,MACROLIDE,MUPIROCIN,MUPIROCIN-LIKE,PENAM,STREPTOGRAMIN,STREPTOGRAMIN A,STREPTOGRAMIN B,TETRACYCLINE,TRIMETHOPRIM	AAC
AE579	0	0	Salmonella				
AC209	0	0	Salmonella	IncFII			
AG082	0	0	Mycobacterium				
AB946	0	0	Haemophilus	rep_cluster_1046		BETA-LACTAM	BLATEM
AE441	0	0	Anabaena	rep_cluster_1696	MPF_T		
AC951	1	1	Xylella	rep_cluster_1323	MPF_T		
AG064	0	0	Lawsonia	rep_cluster_300			
AG174	0	0	Lawsonia	rep_cluster_1706			
AE458	0	0	Lawsonia	rep_cluster_1701			
AE681	0	0	Anabaena				
AF519	0	0	Anabaena	rep_cluster_1665			
AC911	0	0	Anabaena	rep_cluster_1731			
AF520	0	0	Anabaena	rep_cluster_345	MPF_T		
AD891	1	1	Rhizobium	rep_cluster_287	MPF_T		
AE644	1	1	Rhizobium	rep_cluster_141	MPF_T	AMINOCOUMARIN,AMINOGLYCOSIDE,FLUOROQUINOLONE,TETRACYCLINE	AAC
AF271	0	0	Anabaena	rep_cluster_555			
AG627	0	0	Stanieria				
AE834	1	1	Natronococcus	rep_cluster_371	MPF_F	FLUOROQUINOLONE,TETRACYCLINE	MERA
AD139	0	0	Stanieria				
AG256	0	0	Stanieria		MPF_T		
AF220	0	0	Stanieria	rep_cluster_1715			
AG645	0	0	Stanieria				
AC495	0	0	Thermoanaerobacterium	rep_cluster_770	MPF_T		
AF049	0	0	Natrinema		MPF_T	TETRACYCLINE	STREPTOM
AF702	0	0	Thioflavicoccus	rep_cluster_1761	MPF_T		
AE492	0	0	Singulisphaera		MPF_T		
AG680	0	0	Singulisphaera	rep_cluster_1559			
AB884	0	0	Singulisphaera	rep_cluster_1545			
AF552	0	0	Deinococcus				
AG357	0	0	Oscillatoria				
AF749	0	0	Oscillatoria	rep_cluster_1707	MPF_T		
AG188	0	0	Oscillatoria				
AG190	0	0	Oscillatoria	rep_cluster_309	MPF_T		
AF248	0	0	Allocoleopsis	rep_cluster_1719			
AC660	0	0	Allocoleopsis				
AG623	0	0	Allocoleopsis				
AF694	0	0	Allocoleopsis	rep_cluster_1604			
AG252	0	0	Allocoleopsis				
AG470	0	0	Allocoleopsis	rep_cluster_103			
AF247	0	0	Allocoleopsis				
AC661	0	0	Allocoleopsis	rep_cluster_421	MPF_T		
AE832	0	0	Calothrix	rep_cluster_1622			
AC177	0	0	Calothrix				
AF297	0	0	Synechococcus				
AD833	0	0	Synechococcus	rep_cluster_1716			
AB612	0	0	Oscillatoria				
AB611	0	0	Oscillatoria				
AG279	0	0	Chroococcidiopsis	Inc13			
AE729	0	0	Chroococcidiopsis		MPF_T		
AB741	1	1	Clostridium	rep_cluster_1519			NETB
AB740	1	1	Clostridium	rep_cluster_1519		LINCOSAMIDE,LINCOSAMIDE/MACROLIDE/STREPTOGRAMIN,MACROLIDE,STREPTOGRAMIN,STREPTOGRAMIN A,STREPTOGRAMIN B	CPB
AE433	0	0	Rivularia	rep_cluster_278			
AF779	0	0	Rivularia				
AE404	0	0	Nostoc	rep_cluster_1678			
AG567	0	0	Nostoc				
AB877	0	0	Synechococcus				
AC082	1	1	Escherichia	IncQ1		AMINOGLYCOSIDE,BETA-LACTAM,CEPHALOSPORIN,DIAMINOPYRIMIDINE,MACROLIDE,MONOBACTAM,PENAM,PENEM,PHENICOL,QUINOLONE,SULFONAMIDE,TETRACYCLINE,TRIMETHOPRIM	APH
AC540	1	1		IncU	MPF_T	AMINOGLYCOSIDE,AMINOGLYCOSIDE/QUINOLONE,BETA-LACTAM,CARBAPENEM,CEPHALOSPORIN,CEPHAMYCIN,DIAMINOPYRIMIDINE,FLUOROQUINOLONE,MACROLIDE,MONOBACTAM,PENAM,PENEM,PHENICOL,QUINOLONE,RIFAMYCIN,SULFONAMIDE,TETRACYCLINE,TRIMETHOPRIM	AAC
AG532	0	0	Helicobacter	Inc11			
AB769	0	0	Helicobacter	rep_cluster_137			
AG531	0	0	Helicobacter	Inc11			
AB768	0	0	Helicobacter	rep_cluster_137			
AF644	0	0	Halomonas	rep_cluster_333		CARBAPENEM,CEPHALOSPORIN,CEPHAMYCIN,FLUOROQUINOLONE,GLYCYLCYCLINE,MONOBACTAM,NUCLEOSIDE,PENAM,PENEM,PEPTIDE,PHENICOL,RIFAMYCIN,TETRACYCLINE	ESCHERIC
AD391	0	0	Anabaena				
AG571	0	0	Anabaena				
AG572	0	0	Anabaena	rep_cluster_1727			
AB621	0	0	Haemophilus			AMINOGLYCOSIDE,BETA-LACTAM,CEPHALOSPORIN,PENAM	BLAROB
AC408	0	0	Actinobacillus	IncP		AMINOGLYCOSIDE,PHENICOL,SULFONAMIDE	APH
AE885	1	1	Lactiplantibacillus	rep_cluster_1880	MPF_T		
AE603	1	1	Lactiplantibacillus	Inc13			
AC357	1	1	Salmonella	IncFIC	MPF_T		
AC202	1	1	Salmonella	IncFII	MPF_F		YBTQ
AG033	0	0	Acidipropionibacterium	rep_cluster_1324			
AC407	0	0	Arthrobacter	rep_cluster_1674	MPF_T		
AE808	0	0	Acetobacter	rep_cluster_1346	MPF_T		
AD301	1	1	Salmonella	rep_cluster_505	MPF_I		
AE893	0	0	Pseudomonas	rep_cluster_356			COPA
AB896	0	0	Pseudomonas				
AB568	0	0	Arthrobacter		MPF_T		
AD118	0	0	Pseudomonas	rep_cluster_283	MPF_T		
AE275	0	0	Acetobacter	rep_cluster_759			
AB567	0	0	Arthrobacter	rep_cluster_1542	MPF_T		
AE556	0	0	Streptomyces	rep_cluster_727			
AB561	1	1	Staphylococcus	rep_cluster_1256		LINCOSAMIDE,PLEUROMUTILIN,STREPTOGRAMIN,STREPTOGRAMIN A	VGAA
AG055	1	1	Rahnella				
AD525	0	0	Rahnella				
AG530	0	0	Rahnella				
AB172	1	1	Enterococcus	rep_cluster_183	MPF_T	AMINOGLYCOSIDE,GLYCOPEPTIDE,IONOPHORE,LINCOSAMIDE,LINCOSAMIDE/MACROLIDE/STREPTOGRAMIN,MACROLIDE,STREPTOGRAMIN,STREPTOGRAMIN A,STREPTOGRAMIN B	VANA
AA921	1	1	Delftia	IncP	MPF_T	AMINOGLYCOSIDE,BETA-LACTAM,MACROLIDE,STREPTOGRAMIN,STREPTOGRAMIN A,SULFONAMIDE,TETRACYCLINE	MERD
AC122	1	1	Mannheimia	IncQ1		PHENICOL	FLOR
AA968	0	0	Loigolactobacillus	rep_cluster_1299			
AB649	0	0	Rickettsia	rep_cluster_1653	MPF_T		
AA932	0	0	Borreliella				
AE817	0	0	Rahnella				
AD335	1	1	Rahnella	Col(Ye4449)			
AD523	0	0	Rahnella	rep_cluster_1981			
AB057	0	0	Rahnella	rep_cluster_1981			
AF044	0	0	Staphylococcus	rep_cluster_2104		LINCOSAMIDE,LINCOSAMIDE/MACROLIDE/STREPTOGRAMIN,MACROLIDE,PHENICOL,PHENICOL/OXAZOLIDINONE,STREPTOGRAMIN,STREPTOGRAMIN A,STREPTOGRAMIN B	ERMC
AB600	0	0	Actinobacillus	rep_cluster_1875		AMINOGLYCOSIDE,BETA-LACTAM,CEPHALOSPORIN,PENAM,PHENICOL,SULFONAMIDE,TETRACYCLINE	APH
AD111	1	1	Pseudomonas	rep_cluster_283	MPF_T		
AC624	0	0	Clostridium	rep_cluster_806			
AG097	0	0	Vibrio	rep_cluster_529			
AA871	0	0	Streptomyces				
AD102	0	0	Staphylococcus	rep_cluster_1837		AMINOGLYCOSIDE	APMA
AB559	1	1	Staphylococcus	rep_cluster_1256		LINCOSAMIDE,PLEUROMUTILIN,STREPTOGRAMIN,STREPTOGRAMIN A	VGAA
AB631	1	1	Staphylococcus	rep_cluster_1017		LINCOSAMIDE	LNUA
AF043	0	0	Staphylococcus	rep_cluster_2104		AMINOGLYCOSIDE,LINCOSAMIDE,LINCOSAMIDE/MACROLIDE,LINCOSAMIDE/MACROLIDE/STREPTOGRAMIN,MACROLIDE,OXAZOLIDINONE,PHENICOL,PHENICOL/LINCOSAMIDE/OXAZOLIDINONE/PLEUROMUTILIN/STREPTOGRAMIN,PLEUROMUTILIN,STREPTOGRAMIN,STREPTOGRAMIN A,STREPTOGRAMIN B,TETRACYCLINE	CFR
AG298	0	0	Staphylococcus	Inc11		LINCOSAMIDE,PLEUROMUTILIN,STREPTOGRAMIN,STREPTOGRAMIN A	VGAC
AA003	0	0	Staphylococcus	rep_cluster_1078		LINCOSAMIDE,PLEUROMUTILIN,STREPTOGRAMIN,STREPTOGRAMIN A	VGAA
AA411	1	1	Staphylococcus	rep_cluster_1733		AMINOGLYCOSIDE,BETA-LACTAM,DIAMINOPYRIMIDINE,LINCOSAMIDE,MACROLIDE,MACROLIDE/STREPTOGRAMIN,NUCLEOSIDE,PENAM,STREPTOGRAMIN,STREPTOGRAMIN B,STREPTOTHRICIN,TETRACYCLINE	BLAI
AC313	1	1	Salmonella	rep_cluster_2335		FLUOROQUINOLONE,QUINOLONE	QNRS
AA308	0	0	Escherichia	IncFIA	MPF_F		
AF844	0	0	Neisseria				
AD258	0	0	Staphylococcus	rep_cluster_1130			
AB628	1	1	Staphylococcus	rep_cluster_1733		AMINOGLYCOSIDE,BETA-LACTAM,MACROLIDE,MACROLIDE/STREPTOGRAMIN,NUCLEOSIDE,PENAM,STREPTOGRAMIN,STREPTOGRAMIN B,STREPTOTHRICIN,TRIMETHOPRIM	CADD
AE334	1	1	Staphylococcus	rep_cluster_2366			
AA367	0	0	Staphylococcus	rep_cluster_1078		AMINOGLYCOSIDE,PHENICOL	ENTEROCO
AH209	0	0	Emticicia	rep_cluster_1180			
AD849	0	0	Emticicia				
AH024	0	0	Emticicia	rep_cluster_1212			
AG686	0	0	Emticicia				
AD850	0	0	Emticicia	rep_cluster_2448	MPF_T		
AF665	0	0	Leuconostoc	rep_cluster_2484	MPF_T		
AB143	0	0	Leuconostoc	rep_cluster_1503			
AB147	0	0	Leuconostoc	rep_cluster_1992			
AA063	1	1	Chlamydia	rep_cluster_1631			
AC187	0	0	Lentilactobacillus	rep_cluster_778			
AF069	1	1	Bacillus	rep_cluster_1950			
AF568	0	0	Enterococcus	rep_cluster_181	MPF_T		
AD058	1	1	Enterococcus	Inc18	MPF_T	AMINOGLYCOSIDE,GLYCOPEPTIDE,IONOPHORE,LINCOSAMIDE,LINCOSAMIDE/MACROLIDE/STREPTOGRAMIN,MACROLIDE,OXAZOLIDINONE,PHENICOL,PHENICOL/LINCOSAMIDE/OXAZOLIDINONE/PLEUROMUTILIN/STREPTOGRAMIN,PHENICOL/OXAZOLIDINONE,STREPTOGRAMIN,STREPTOGRAMIN A,STREPTOGRAMIN B,TETRACYCLINE,TRIMETHOPRIM	ERMB
AG670	0	0	Desulfosporosinus		MPF_T		
AE356	0	0	Desulfomonile				
AE443	0	0	Turneriella	rep_cluster_1543			
AB756	1	1	Enterococcus	rep_cluster_185	MPF_T	AMINOGLYCOSIDE,GLYCOPEPTIDE,IONOPHORE,LINCOSAMIDE,LINCOSAMIDE/MACROLIDE/STREPTOGRAMIN,LINCOSAMIDE/STREPTOGRAMIN,MACROLIDE,MACROLIDE/STREPTOGRAMIN,NUCLEOSIDE,OXAZOLIDINONE,PHENICOL,PHENICOL/LINCOSAMIDE/OXAZOLIDINONE/PLEUROMUTILIN/STREPTOGRAMIN,PHENICOL/OXAZOLIDINONE,PLEUROMUTILIN,STREPTOGRAMIN,STREPTOGRAMIN A,STREPTOGRAMIN B,STREPTOTHRICIN,TETRACYCLINE,TRIMETHOPRIM	TETL
AD100	1	1	Enterococcus	rep_cluster_889		AMINOGLYCOSIDE,LINCOSAMIDE,LINCOSAMIDE/MACROLIDE/STREPTOGRAMIN,MACROLIDE,NUCLEOSIDE,PHENICOL,STREPTOGRAMIN,STREPTOGRAMIN A,STREPTOGRAMIN B,STREPTOTHRICIN	ERMB
AC733	1	1	Enterococcus	rep_cluster_893	MPF_T	AMINOGLYCOSIDE,GLYCOPEPTIDE,LINCOSAMIDE,LINCOSAMIDE/MACROLIDE/STREPTOGRAMIN,MACROLIDE,NUCLEOSIDE,STREPTOGRAMIN,STREPTOGRAMIN A,STREPTOGRAMIN B,STREPTOTHRICIN,TETRACYCLINE,TRIMETHOPRIM	AAC
AA144	1	1	Escherichia	rep_cluster_2350		LINCOSAMIDE,OXAZOLIDINONE,PHENICOL,PHENICOL/LINCOSAMIDE/OXAZOLIDINONE/PLEUROMUTILIN/STREPTOGRAMIN,PLEUROMUTILIN,STREPTOGRAMIN,STREPTOGRAMIN A	CFR
AG450	0	0	Helicobacter		MPF_T		
AA143	1	1	Escherichia	rep_cluster_2392		BETA-LACTAM	BLATEM
AA938	1	1	Borreliella				
AB575	1	1	Borreliella				
AD142	0	0	Helicobacter	rep_cluster_438			
AB506	0	0	Helicobacter	rep_cluster_137			
AA352	1	1	Escherichia	IncFIB	MPF_I	AMINOGLYCOSIDE,BETA-LACTAM,CEPHALOSPORIN,DIAMINOPYRIMIDINE,LINCOSAMIDE,LINCOSAMIDE/MACROLIDE/STREPTOGRAMIN,MACROLIDE,MONOBACTAM,PENAM,PENEM,STREPTOGRAMIN,STREPTOGRAMIN A,STREPTOGRAMIN B,SULFONAMIDE,TETRACYCLINE,TRIMETHOPRIM	APH
AD669	1	1	Escherichia	IncI1	MPF_I		ASTA
AB267	1	1	Escherichia	IncFIB	MPF_F	AMINOGLYCOSIDE,MACROLIDE,SULFONAMIDE,TRIMETHOPRIM	LTCA
AA349	1	1	Escherichia	IncFIA	MPF_F	BETA-LACTAM	FAEG
AC516	0	0	Erwinia	rep_cluster_1099			
AD242	0	0	Marinobacter	rep_cluster_487			
AB520	0	0	Helicobacter	rep_cluster_137			
AB500	0	0	Helicobacter	rep_cluster_137			
AE952	0	0	Helicobacter	rep_cluster_137			
AB646	1	1	Staphylococcus	rep_cluster_1017			QACC
AD546	1	1	Clostridium	rep_cluster_994		GLYCOPEPTIDE	VANYGENE
AG241	0	0	Zymomonas	rep_cluster_1924			
AB784	0	0	Zymomonas				
AB787	0	0	Zymomonas	rep_cluster_284			
AG584	0	0	Zymomonas				
AB780	0	0	Zymomonas	rep_cluster_152			
AD422	0	0	Buchnera	rep_cluster_1374			
AA879	0	0	Buchnera				
AD425	0	0	Buchnera	rep_cluster_1374			
AE912	0	0	Buchnera	IncA			
AC508	1	1	Enterobacter	IncQ2		AMINOGLYCOSIDE,BETA-LACTAM	AAC
AC151	0	0	Clostridioides				
AB912	1	1	Clostridioides			GLYCOPEPTIDE	VANZ
AB507	0	0	Helicobacter	rep_cluster_137			
AB976	0	0	Enterococcus	rep_cluster_153	MPF_T	FOSFOMYCIN,GLYCOPEPTIDE	VANA
AC536	1	1	Enterococcus	rep_cluster_1077			
AC174	0	0	Aliivibrio		MPF_G		
AC217	0	0	Aeromonas	rep_cluster_1068		BETA-LACTAM,TETRACYCLINE	TETE
AC216	1	1	Aeromonas	rep_cluster_1068		QUINOLONE	QNRS
AB655	0	0	Candidatus_Phytoplasma	rep_cluster_674			
AD206	0	0	Streptococcus				
AG001	0	0	Acetobacter	rep_cluster_30			
AB566	0	0	Sulfobacillus				
AC587	1	1	Bacillus	rep_cluster_1931			
AG106	0	0	Thermovirga				
AE601	0	0	Lentilactobacillus	Inc13			
AE602	0	0	Lentilactobacillus	rep_cluster_1825			
AD350	1	1	Sphingobium	rep_cluster_647	MPF_T	FLUOROQUINOLONE,GLYCOPEPTIDE,TETRACYCLINE	ADEF
AC801	0	0	Borreliella				
AA390	0	0	Borreliella				
AB580	0	0	Borreliella				
AA778	0	0	Borreliella	rep_cluster_1529			
AC429	0	0	Borreliella				
AC641	0	0	Borreliella				
AC366	0	0	Borreliella				
AA251	0	0	Borreliella	rep_cluster_1662			
AA934	0	0	Borreliella				
AA250	0	0	Borreliella	rep_cluster_1621			
AA626	1	1	Cupriavidus	IncC	MPF_F	AMINOGLYCOSIDE,BETA-LACTAM,BLEOMYCIN,CEPHALOSPORIN,CEPHAMYCIN,GLYCOPEPTIDE,MACROLIDE,MACROLIDE/STREPTOGRAMIN,PENAM,PHENICOL,QUINOLONE,RIFAMYCIN,STREPTOGRAMIN,SULFONAMIDE,TETRACYCLINE,TRIMETHOPRIM	AAC
AB286	0	0	Cupriavidus	rep_cluster_381	MPF_T		
AC072	0	0	Agrobacterium	rep_cluster_1777	MPF_T	AMINOGLYCOSIDE	APH
AE717	0	0	Agrobacterium	rep_cluster_490	MPF_T		
AB786	0	0	Zymomonas				
AB790	0	0	Zymomonas				
AC171	0	0	Runella	rep_cluster_597	MPF_T		
AG458	0	0	Runella	rep_cluster_293			
AE147	0	0	Runella	rep_cluster_1176			
AG196	0	0	Runella	rep_cluster_1309	MPF_T		
AE709	0	0	Runella	rep_cluster_1344			
AG151	0	0	Halopiger		MPF_T		
AH080	0	0	Methanothermococcus	rep_cluster_20			
AB803	0	0	Hoyosella	rep_cluster_132			
AB802	0	0	Hoyosella	rep_cluster_498			
AE731	0	0	Haliscomenobacter	rep_cluster_230			
AE605	0	0	Haliscomenobacter	rep_cluster_1690			
AE606	0	0	Haliscomenobacter	rep_cluster_246			
AG118	0	0	Gallibacterium	rep_cluster_1051			
AB664	0	0	Candidatus_Phytoplasma	rep_cluster_594			
AB710	0	0	Escherichia	IncX1		AMINOGLYCOSIDE,BETA-LACTAM,NUCLEOSIDE,STREPTOTHRICIN,TRIMETHOPRIM	SAT
AF563	1	1	Alicycliphilus	rep_cluster_1864	MPF_F	AMINOGLYCOSIDE,BETA-LACTAM,FLUOROQUINOLONE,TETRACYCLINE	ADEF
AA460	0	0	Carnobacterium	rep_cluster_1498			
AC406	0	0	Pseudarthrobacter		MPF_T		
AF547	0	0	Pseudarthrobacter	rep_cluster_1547	MPF_T		
AE641	0	0	Phocaeicola	rep_cluster_705	MPF_T		
AD103	0	0	Staphylococcus	rep_cluster_1823		TRIMETHOPRIM	DFRK
AF233	0	0	Phocaeicola	rep_cluster_988			
AF288	1	1	Rahnella	rep_cluster_1002			
AE144	0	0	Isosphaera				
AH154	1	1	Mesorhizobium	IncP	MPF_T		
AG602	0	0	Corynebacterium				
AC711	1	1	Geobacillus	rep_cluster_349			
AC888	1	1	Neisseria	rep_cluster_1410	MPF_T	TETRACYCLINE	TETM
AA466	0	0	Mycolicibacterium				
AF395	1	1	Mycolicibacterium			CARBAPENEM,CEPHALOSPORIN,CEPHAMYCIN,PENAM,PENEM	VIM
AD201	0	0	Sulfuricurvum				
AD199	0	0	Sulfuricurvum				
AD200	0	0	Sulfuricurvum	rep_cluster_36		FLUOROQUINOLONE,TETRACYCLINE	ADEF
AG544	0	0	Marivirga	rep_cluster_844			
AD489	0	0	Calditerrivibrio	rep_cluster_200			
AF754	0	0	Sulfuricurvum	rep_cluster_1595			
AE059	0	0	Photobacterium	rep_cluster_1313	MPF_F		
AF042	0	0	Bacillus	rep_cluster_282		LINCOSAMIDE,LINCOSAMIDE/MACROLIDE/STREPTOGRAMIN,MACROLIDE,OXAZOLIDINONE,PHENICOL,PHENICOL/LINCOSAMIDE/OXAZOLIDINONE/PLEUROMUTILIN/STREPTOGRAMIN,PLEUROMUTILIN,STREPTOGRAMIN,STREPTOGRAMIN A,STREPTOGRAMIN B	CFR
AF083	0	0	Caldicellulosiruptor				
AB175	0	0	Ilyobacter	rep_cluster_1748	MPF_T		
AD859	1	1	Ilyobacter	rep_cluster_385		ANTIBACTERIAL FREE FATTY ACIDS,GLYCOPEPTIDE,PHOSPHONIC ACID,TETRACYCLINE	VANWGENE
AB767	0	0	Helicobacter				
AC672	0	0	Staphylococcus	rep_cluster_2252		AMINOGLYCOSIDE,LINCOSAMIDE,PLEUROMUTILIN,STREPTOGRAMIN,STREPTOGRAMIN A,TETRACYCLINE,TRIMETHOPRIM	VGAC
AG348	0	0	Gloeothece		MPF_T		
AC035	0	0	Gloeothece	rep_cluster_1603	MPF_T		
AF082	0	0	Gloeothece				
AC034	0	0	Gloeothece	rep_cluster_1688			
AC127	0	0	Pediococcus	rep_cluster_1102			
AB923	0	0	Staphylococcus	rep_cluster_1302		AMINOGLYCOSIDE,BETA-LACTAM,DIAMINOPYRIMIDINE,FLUOROQUINOLONE,FOSFOMYCIN,MUPIROCIN,MUPIROCIN-LIKE,PENAM,TRIMETHOPRIM	QACA
AA650	1	1	Prescottella	rep_cluster_1307	MPF_T	LINCOSAMIDE/MACROLIDE/STREPTOGRAMIN	ERM
AC976	0	0	Allomeiothermus	rep_cluster_1813	MPF_T		
AC975	0	0	Allomeiothermus	rep_cluster_1013			
AC410	1	1	Corynebacterium	rep_cluster_1173		AMINOGLYCOSIDE,CEPHALOSPORIN,LINCOSAMIDE,LINCOSAMIDE/MACROLIDE/STREPTOGRAMIN,MACROLIDE,PENAM,PHENICOL,STREPTOGRAMIN,STREPTOGRAMIN A,STREPTOGRAMIN B,SULFONAMIDE,TETRACYCLINE	APH
AF706	1	1	Ligilactobacillus	rep_cluster_689			
AB656	0	0	Candidatus_Phytoplasma	rep_cluster_674			
AE415	1	1	Burkholderia	rep_cluster_1467	MPF_F		
AB719	0	0	Staphylococcus	rep_cluster_1017			
AE264	1	1	Staphylococcus	rep_cluster_2222		BETA-LACTAM,PENAM	PC
AC375	0	0	Aeromonas	rep_cluster_1169			
AE939	0	0	Pseudoalteromonas	rep_cluster_659			
AE361	0	0	Lactiplantibacillus				
AA005	0	0	Staphylococcus	rep_cluster_1118			
AB557	1	1	Staphylococcus	rep_cluster_1256			
AD279	1	1	Staphylococcus	rep_cluster_1017		LINCOSAMIDE,LINCOSAMIDE/STREPTOGRAMIN,MACROLIDE,MACROLIDE/STREPTOGRAMIN,OXAZOLIDINONE,PHENICOL,PHENICOL/LINCOSAMIDE/OXAZOLIDINONE/PLEUROMUTILIN/STREPTOGRAMIN,PLEUROMUTILIN,STREPTOGRAMIN,STREPTOGRAMIN A,STREPTOGRAMIN B	MPHC
AE407	0	0	Staphylococcus	rep_cluster_1442			
AA764	1	1	Staphylococcus	rep_cluster_2409		AMINOGLYCOSIDE,BETA-LACTAM,DIAMINOPYRIMIDINE,PENAM,TRIMETHOPRIM	AAC
AE849	0	0	Staphylococcus	rep_cluster_2466			
AD280	1	1	Staphylococcus	rep_cluster_910		AMINOGLYCOSIDE,BETA-LACTAM,FLUOROQUINOLONE,FOSFOMYCIN,LINCOSAMIDE,MACROLIDE,MACROLIDE/STREPTOGRAMIN,MUPIROCIN,MUPIROCIN-LIKE,PENAM,STREPTOGRAMIN,STREPTOGRAMIN B,TETRACYCLINE	QACR
AA765	1	1	Staphylococcus	rep_cluster_1017		BETA-LACTAM,MUPIROCIN,MUPIROCIN-LIKE,PENAM	PC
AA771	0	0	Staphylococcus	rep_cluster_1215			
AA097	0	0	Staphylococcus	rep_cluster_910			CADC
AD194	1	1	Staphylococcus	rep_cluster_1216		AMINOGLYCOSIDE,BETA-LACTAM,BLEOMYCIN,FLUOROQUINOLONE,GLYCOPEPTIDE,MUPIROCIN,MUPIROCIN-LIKE,PENAM	STAPHYLO
AA084	0	0	Staphylococcus	rep_cluster_1215		AMINOGLYCOSIDE,BETA-LACTAM,BLEOMYCIN,PENAM,TETRACYCLINE	AAC
AG511	0	0	Staphylococcus	rep_cluster_1480			
AC767	0	0	Staphylococcus	rep_cluster_2120			ARSB
AD145	0	0	Staphylococcus				
AC766	0	0	Staphylococcus	rep_cluster_1017		BETA-LACTAM,PENAM,TETRACYCLINE	ARSB
AG126	0	0	Staphylococcus				
AB110	1	1	Staphylococcus	rep_cluster_765	MPF_T	AMINOGLYCOSIDE,BETA-LACTAM,DIAMINOPYRIMIDINE,FOSFOMYCIN,GLYCOPEPTIDE,MUPIROCIN,MUPIROCIN-LIKE,PENAM,PHENICOL,TRIMETHOPRIM	AAC
AF107	0	0	Staphylococcus	rep_cluster_250			
AF484	0	0	Desulfohalobium	rep_cluster_1544			
AA302	1	1	Escherichia	IncFIA	MPF_F		CNF
AD957	0	0	Lactiplantibacillus	Inc13			
AB650	0	0	Rickettsia	rep_cluster_1989			
AC360	0	0	Shewanella				
AB472	0	0	Pediococcus	rep_cluster_1229			
AE944	0	0	Allorhizobium	rep_cluster_491	MPF_T		
AD837	0	0	Allorhizobium	rep_cluster_287	MPF_T		
AE949	0	0	Allorhizobium	rep_cluster_502	MPF_T		
AD838	0	0	Allorhizobium	rep_cluster_592	MPF_T	STREPTOGRAMIN,STREPTOGRAMIN A	VATH
AF100	0	0	Haemophilus	rep_cluster_304	MPF_G	BETA-LACTAM,PHENICOL,TETRACYCLINE	BLATEM
AE252	1	1	Mycobacterium	rep_cluster_441			
AB171	1	1	Enterococcus	Inc18		AMINOGLYCOSIDE,GLYCOPEPTIDE,IONOPHORE,LINCOSAMIDE,LINCOSAMIDE/MACROLIDE/STREPTOGRAMIN,MACROLIDE,NUCLEOSIDE,PHENICOL,STREPTOGRAMIN,STREPTOGRAMIN A,STREPTOGRAMIN B,STREPTOTHRICIN,TETRACYCLINE	ERMB
AA557	1	1	Klebsiella	IncFIA		AMINOGLYCOSIDE,AMINOGLYCOSIDE/QUINOLONE,BETA-LACTAM,CEPHALOSPORIN,COLISTIN,FLUOROQUINOLONE,PENAM,PEPTIDE,PHENICOL,QUINOLONE,SULFONAMIDE,TETRACYCLINE,TRIMETHOPRIM	APH
AE336	0	0	Campylobacter	rep_cluster_853			
AF148	0	0	Exiguobacterium			MACROLIDE	MPHN
AE006	0	0	Exiguobacterium				
AD282	0	0	Geobacillus	rep_cluster_349	MPF_T		
AD584	0	0	Actinobacillus			TETRACYCLINE	TET
AE124	0	0	Vibrio	rep_cluster_1500	MPF_F		
AD311	0	0	Aeromonas	rep_cluster_208	MPF_T	AMINOGLYCOSIDE,NUCLEOSIDE,PHENICOL,STREPTOTHRICIN,SULFONAMIDE,TETRACYCLINE,TRIMETHOPRIM	APH
AE677	0	0	Magnetospirillum	rep_cluster_1792	MPF_T		
AB640	1	1	Staphylococcus	rep_cluster_1230		LINCOSAMIDE	LNUA
AC545	0	0	Rahnella	rep_cluster_2358			
AE045	0	0	Bibersteinia	rep_cluster_723		AMINOGLYCOSIDE,PHENICOL,SULFONAMIDE	APH
AB730	0	0	Staphylococcus	rep_cluster_1017		LINCOSAMIDE	LNUA
AE698	0	0	Spiroplasma				
AE697	1	1	Spiroplasma				
AD104	0	0	Spiroplasma				
AA092	0	0	Staphylococcus	rep_cluster_2468			QACC
AB644	1	1	Staphylococcus	rep_cluster_1017		TETRACYCLINE	QACC
AF265	0	0	Bacillus				
AD596	1	1	Bacillus				
AC472	0	0	Pasteurella	rep_cluster_1993		AMINOGLYCOSIDE,BETA-LACTAM	AADA
AA206	0	0	Lactococcus	rep_cluster_516			
AA201	1	1	Lactococcus	rep_cluster_554			
AB729	0	0	Staphylococcus	rep_cluster_1017			QACJ
AG528	0	0	Acinetobacter				
AC099	0	0	Bacillus	Col(SD853)			
AF882	0	0	Yersinia	Col3M	MPF_T		
AF026	0	0	Pseudomonas	rep_cluster_1521			
